{
  "resourceType" : "Bundle",
  "id" : "3ea8fc03-5608-48ea-93ca-8b1e2758c746",
  "meta" : {
    "lastUpdated" : "2019-02-21T11:08:00.501+01:00"
  },
  "type" : "collection",
  "entry" : [{
    "fullUrl" : "http://hl7.org/fhir/uv/genomics-reporting/ValueSet/genetic-coordinate-system",
    "resource" : {
      "resourceType" : "ValueSet",
      "id" : "genetic-coordinate-system",
      "meta" : {
        "profile" : ["http://hl7.org/fhir/StructureDefinition/shareablevalueset"]
      },
      "text" : {
        "status" : "generated",
        "div" : "<div xmlns=\"http://www.w3.org/1999/xhtml\"><p>This value set contains 3 concepts</p><p style=\"border: black 1px dotted; background-color: #EEEEEE; padding: 8px\">Expansion based on http://hl7.org/fhir/uv/genomics-reporting/CodeSystem/genetic-coordinate-system version 0.3</p><p>All codes from system <a href=\"genetic-coordinate-system.html\"><code>http://hl7.org/fhir/uv/genomics-reporting/CodeSystem/genetic-coordinate-system</code></a></p><table class=\"codes\"><tr><td style=\"white-space:nowrap\"><b>Code</b></td><td><b>Display</b></td><td><b>Definition</b></td></tr><tr><td style=\"white-space:nowrap\"><a name=\"http---hl7.org-fhir-uv-genomics-reporting-CodeSystem-genetic-coordinate-system-Interval\"> </a><a href=\"genetic-coordinate-system.html#genetic-coordinate-system-Interval\">Interval</a></td><td>Interval</td><td>0-based numbering or interbase coordinate system, inclusive start, exclusive end</td></tr><tr><td style=\"white-space:nowrap\"><a name=\"http---hl7.org-fhir-uv-genomics-reporting-CodeSystem-genetic-coordinate-system-Variant-method\"> </a><a href=\"genetic-coordinate-system.html#genetic-coordinate-system-Variantmethod\">Variant method</a></td><td>Variant method</td><td>1 for 1-based numbering or base coordinate system, inclusive start, inclusive end</td></tr><tr><td style=\"white-space:nowrap\"><a name=\"http---hl7.org-fhir-uv-genomics-reporting-CodeSystem-genetic-coordinate-system-Alignment-method\"> </a><a href=\"genetic-coordinate-system.html#genetic-coordinate-system-Alignmentmethod\">Alignment method</a></td><td>Alignment method</td><td>1-based [inclusive start, inclusive end] - with Variant Method (HGVS-like)</td></tr></table></div>"
      },
      "url" : "http://hl7.org/fhir/uv/genomics-reporting/ValueSet/genetic-coordinate-system",
      "version" : "0.3",
      "name" : "GeneticCoordinateSystem",
      "status" : "draft",
      "date" : "2019-02-21T11:08:00+01:00",
      "contact" : [{
        "telecom" : [{
          "system" : "url"
        },
        {
          "system" : "email"
        }]
      }],
      "description" : "Base coordinate systems start and end measurements for variants",
      "immutable" : true,
      "expansion" : {
        "identifier" : "urn:uuid:2ea3b4e8-f433-4bc8-b3b8-b899eae72711",
        "timestamp" : "2019-02-21T11:09:05+01:00",
        "total" : 3,
        "parameter" : [{
          "name" : "excludeNested",
          "valueBoolean" : false
        },
        {
          "name" : "version",
          "valueUri" : "http://hl7.org/fhir/uv/genomics-reporting/CodeSystem/genetic-coordinate-system|0.3"
        }],
        "contains" : [{
          "system" : "http://hl7.org/fhir/uv/genomics-reporting/CodeSystem/genetic-coordinate-system",
          "code" : "Interval",
          "display" : "Interval"
        },
        {
          "system" : "http://hl7.org/fhir/uv/genomics-reporting/CodeSystem/genetic-coordinate-system",
          "code" : "Variant method",
          "display" : "Variant method"
        },
        {
          "system" : "http://hl7.org/fhir/uv/genomics-reporting/CodeSystem/genetic-coordinate-system",
          "code" : "Alignment method",
          "display" : "Alignment method"
        }]
      }
    }
  }]
}