{"resourceType":"ImplementationGuide","id":"genomics-reporting","text":{"status":"generated","div":"<div xmlns=\"http://www.w3.org/1999/xhtml\"><h2>GenomicsReporting</h2><p>The official URL for this implementation guide is: </p><pre>http://hl7.org/fhir/uv/genomics-reporting/ImplementationGuide/genomics-reporting</pre><div><p>Guidelines for reporting of clinical genomics results using HL7 FHIR</p>\n</div></div>"},"url":"http://hl7.org/fhir/uv/genomics-reporting/ImplementationGuide/genomics-reporting","version":"0.3","name":"GenomicsReporting","status":"draft","experimental":false,"publisher":"HL7 International Clinical Genomics Work Group","description":"Guidelines for reporting of clinical genomics results using HL7 FHIR","jurisdiction":[{"coding":[{"system":"http://unstats.un.org/unsd/methods/m49/m49.htm","code":"001"}]}],"fhirVersion":"4.0.0","package":[{"id":"general","name":"General Profiles","description":"General constraints on FHIR resources to be adhered to as part of the CG implementation guide that apply regardless of what area(s) of genomics are of interest"},{"id":"somatics","name":"Somatics","description":"Profiles related to the reporting of somatic genetic issues"},{"id":"pharmacogenomics","name":"Pharmacogenomics","description":"Profiles for reports relating to genetic impact on medication use and effectiveness"},{"id":"cytogenomics","name":"Cytogenomics","description":"Profiles for reporting cytogenetic results"},{"id":"extensions","name":"Extensions","description":"Extensions defined as part of the CG implementation guide"},{"id":"examples","name":"Example(s)","description":"Example(s) showing the use of the CG profiles","resource":[{"extension":[{"url":"http://hl7.org/fhir/StructureDefinition/implementationguide-page","valueUri":"diagnosticreport-cgexample.html"}],"example":true,"name":"Example - Genomics Reporting","description":"Test instance showing data from the CG v2 spec","sourceReference":{"reference":"Bundle/diagnosticreport-cgexample"},"exampleFor":{"reference":"StructureDefinition/diagnosticreport"}},{"extension":[{"url":"http://hl7.org/fhir/StructureDefinition/implementationguide-page","valueUri":"diagnosticreport-pgxexample.html"}],"example":true,"name":"Example - Pharmacogenomics","description":"Pharmacogenomic Report Example instances","sourceReference":{"reference":"Bundle/diagnosticreport-pgxexample"},"exampleFor":{"reference":"StructureDefinition/diagnosticreport"}},{"extension":[{"url":"http://hl7.org/fhir/StructureDefinition/implementationguide-page","valueUri":"CG-IG-HLA-FullBundle-01.html"}],"example":true,"name":"Example - Full Bundle HLA genotyping for HLA-A, HLA-B, and HLA-C, using GLStrings","description":"Full Bundle HLA Typing Example","sourceReference":{"reference":"Bundle/CG-IG-HLA-FullBundle-01"},"exampleFor":{"reference":"StructureDefinition/diagnosticreport"}},{"extension":[{"url":"http://hl7.org/fhir/StructureDefinition/implementationguide-page","valueUri":"diagnosticreport-hla-glstring-r4.html"}],"example":true,"name":"Example - HLA genotyping for HLA-A, HLA-B, and HLA-C, using GLStrings","description":"DiagnosticReport HLA Typing Example","sourceReference":{"reference":"DiagnosticReport/diagnosticreport-hla-glstring-r4"},"exampleFor":{"reference":"StructureDefinition/diagnosticreport"}},{"extension":[{"url":"http://hl7.org/fhir/StructureDefinition/implementationguide-page","valueUri":"obs-genotype-hla-a-glstring-r4.html"}],"example":true,"name":"Example - HLA genotyping for HLA-A, using GLStrings","description":"HLA-A genoyping Example: HLA-A*03:01:01:01+HLA-A*30:01:01","sourceReference":{"reference":"Observation/obs-genotype-hla-a-glstring-r4"},"exampleFor":{"reference":"StructureDefinition/obs-genotype"}},{"extension":[{"url":"http://hl7.org/fhir/StructureDefinition/implementationguide-page","valueUri":"obs-haplotype-hla-a-1-r4.html"}],"example":true,"name":"Example - Observation for a single HLA-A allele","description":"HLA-A allele observaation: HLA-A*03:01:01:01","sourceReference":{"reference":"Observation/obs-haplotype-hla-a-1-r4"},"exampleFor":{"reference":"StructureDefinition/obs-haplotype"}},{"extension":[{"url":"http://hl7.org/fhir/StructureDefinition/implementationguide-page","valueUri":"specimen-hla-r4.html"}],"example":true,"name":"Example - Buccal swab for HLA typing","description":"Specimen example: Buccal swab for HLA typing","sourceReference":{"reference":"Specimen/specimen-hla-r4"},"exampleFor":{"reference":"StructureDefinition/specimen"}},{"extension":[{"url":"http://hl7.org/fhir/StructureDefinition/implementationguide-page","valueUri":"servicerequest-hla-a-r4.html"}],"example":true,"name":"Example - Service request for high-resolution HLA-A genotyping","description":"ServiceRequest example: High-resolution HLA-A genotyping","sourceReference":{"reference":"ServiceRequest/servicerequest-hla-a-r4"},"exampleFor":{"reference":"StructureDefinition/servicerequest"}}]},{"id":"device-profile-spreadsheet.xml","name":"Device","resource":[{"extension":[{"url":"http://hl7.org/fhir/StructureDefinition/implementationguide-page","valueUri":"device-micro-plat.html"}],"example":false,"name":"DeviceMicroPlat","sourceReference":{"reference":"StructureDefinition/device-micro-plat"}},{"extension":[{"url":"http://hl7.org/fhir/StructureDefinition/implementationguide-page","valueUri":"device-fish-probe.html"}],"example":false,"name":"DeviceFishProbe","sourceReference":{"reference":"StructureDefinition/device-fish-probe"}}]},{"id":"diagnosticreport-profile-spreadsheet.xml","name":"Genomics Report","resource":[{"extension":[{"url":"http://hl7.org/fhir/StructureDefinition/implementationguide-page","valueUri":"extension-dr-supportingInfo.html"}],"example":false,"name":"SupportingInfo","sourceReference":{"reference":"StructureDefinition/dr-supportingInfo"}},{"extension":[{"url":"http://hl7.org/fhir/StructureDefinition/implementationguide-page","valueUri":"extension-dr-recommendedAction.html"}],"example":false,"name":"RecommendedAction","sourceReference":{"reference":"StructureDefinition/dr-recommendedAction"}},{"extension":[{"url":"http://hl7.org/fhir/StructureDefinition/implementationguide-page","valueUri":"extension-dr-relatedArtifact.html"}],"example":false,"name":"RelatedArtifact","sourceReference":{"reference":"StructureDefinition/dr-relatedArtifact"}},{"extension":[{"url":"http://hl7.org/fhir/StructureDefinition/implementationguide-page","valueUri":"diagnosticreport.html"}],"example":false,"name":"DiagnosticeReport","sourceReference":{"reference":"StructureDefinition/diagnosticreport"}}]},{"id":"medicationstatement-profile-spreadsheet.xml","name":"Medication Statement","resource":[{"extension":[{"url":"http://hl7.org/fhir/StructureDefinition/implementationguide-page","valueUri":"medicationstatement.html"}],"example":false,"name":"MedicationStatement","sourceReference":{"reference":"StructureDefinition/medicationstatement"}}]},{"id":"observation-profile-spreadsheet.xml","name":"Observations","resource":[{"extension":[{"url":"http://hl7.org/fhir/StructureDefinition/implementationguide-page","valueUri":"valueset-genetic-coordinate-system.html"}],"example":false,"name":"GeneticCoordinateSystem","sourceReference":{"reference":"ValueSet/genetic-coordinate-system"}},{"extension":[{"url":"http://hl7.org/fhir/StructureDefinition/implementationguide-page","valueUri":"genetic-coordinate-system.html"}],"example":false,"name":"GeneticCoordinateSystem","sourceReference":{"reference":"CodeSystem/genetic-coordinate-system"}},{"extension":[{"url":"http://hl7.org/fhir/StructureDefinition/implementationguide-page","valueUri":"extension-obs-focus.html"}],"example":false,"name":"Focus","sourceReference":{"reference":"StructureDefinition/obs-focus"}},{"extension":[{"url":"http://hl7.org/fhir/StructureDefinition/implementationguide-page","valueUri":"extension-obs-recommendedAction.html"}],"example":false,"name":"Recommended Action","sourceReference":{"reference":"StructureDefinition/obs-recommendedAction"}},{"extension":[{"url":"http://hl7.org/fhir/StructureDefinition/implementationguide-page","valueUri":"obs-base.html"}],"example":false,"name":"Genetic Observation Common Properties","sourceReference":{"reference":"StructureDefinition/obs-base"}},{"extension":[{"url":"http://hl7.org/fhir/StructureDefinition/implementationguide-page","valueUri":"obs-gen-panel.html"}],"example":false,"name":"Genomics Panel","sourceReference":{"reference":"StructureDefinition/obs-gen-panel"}},{"extension":[{"url":"http://hl7.org/fhir/StructureDefinition/implementationguide-page","valueUri":"obs-overall.html"}],"example":false,"name":"Genomic analysis overall interpretation","sourceReference":{"reference":"StructureDefinition/obs-overall"}},{"extension":[{"url":"http://hl7.org/fhir/StructureDefinition/implementationguide-page","valueUri":"obs-deletion-dup.html"}],"example":false,"name":"Deletion-duplication overall interpretation","sourceReference":{"reference":"StructureDefinition/obs-deletion-dup"}},{"extension":[{"url":"http://hl7.org/fhir/StructureDefinition/implementationguide-page","valueUri":"obs-comp-gen-finding.html"}],"example":false,"name":"Computable Genetic Finding","sourceReference":{"reference":"StructureDefinition/obs-comp-gen-finding"}},{"extension":[{"url":"http://hl7.org/fhir/StructureDefinition/implementationguide-page","valueUri":"obs-genotype.html"}],"example":false,"name":"Genotype","sourceReference":{"reference":"StructureDefinition/obs-genotype"}},{"extension":[{"url":"http://hl7.org/fhir/StructureDefinition/implementationguide-page","valueUri":"obs-haplotype.html"}],"example":false,"name":"Haplotype","sourceReference":{"reference":"StructureDefinition/obs-haplotype"}},{"extension":[{"url":"http://hl7.org/fhir/StructureDefinition/implementationguide-page","valueUri":"obs-complex-variant.html"}],"example":false,"name":"Complex variation","sourceReference":{"reference":"StructureDefinition/obs-complex-variant"}},{"extension":[{"url":"http://hl7.org/fhir/StructureDefinition/implementationguide-page","valueUri":"obs-described-variant.html"}],"example":false,"name":"Described Variant","sourceReference":{"reference":"StructureDefinition/obs-described-variant"}},{"extension":[{"url":"http://hl7.org/fhir/StructureDefinition/implementationguide-page","valueUri":"obs-cytogenetic-nomenclature.html"}],"example":false,"name":"Cytogenetic Nomenclature","sourceReference":{"reference":"StructureDefinition/obs-cytogenetic-nomenclature"}},{"extension":[{"url":"http://hl7.org/fhir/StructureDefinition/implementationguide-page","valueUri":"obs-sequence-phase-reltn.html"}],"example":false,"name":"Sequence Phase Relationship","sourceReference":{"reference":"StructureDefinition/obs-sequence-phase-reltn"}},{"extension":[{"url":"http://hl7.org/fhir/StructureDefinition/implementationguide-page","valueUri":"obs-impact.html"}],"example":false,"name":"Genomic Impact","sourceReference":{"reference":"StructureDefinition/obs-impact"}},{"extension":[{"url":"http://hl7.org/fhir/StructureDefinition/implementationguide-page","valueUri":"obs-inh-dis-path.html"}],"example":false,"name":"Inherited Disease Pathogenicity","sourceReference":{"reference":"StructureDefinition/obs-inh-dis-path"}},{"extension":[{"url":"http://hl7.org/fhir/StructureDefinition/implementationguide-page","valueUri":"obs-med-impact.html"}],"example":false,"name":"Medication Impact","sourceReference":{"reference":"StructureDefinition/obs-med-impact"}},{"extension":[{"url":"http://hl7.org/fhir/StructureDefinition/implementationguide-page","valueUri":"obs-metabolism.html"}],"example":false,"name":"Medication Metabolism Impact","sourceReference":{"reference":"StructureDefinition/obs-metabolism"}},{"extension":[{"url":"http://hl7.org/fhir/StructureDefinition/implementationguide-page","valueUri":"obs-transporter.html"}],"example":false,"name":"Medication Transporter Impact","sourceReference":{"reference":"StructureDefinition/obs-transporter"}},{"extension":[{"url":"http://hl7.org/fhir/StructureDefinition/implementationguide-page","valueUri":"obs-efficacy.html"}],"example":false,"name":"Medication Efficacy Impact","sourceReference":{"reference":"StructureDefinition/obs-efficacy"}},{"extension":[{"url":"http://hl7.org/fhir/StructureDefinition/implementationguide-page","valueUri":"obs-high-risk.html"}],"example":false,"name":"High Risk Allele","sourceReference":{"reference":"StructureDefinition/obs-high-risk"}},{"extension":[{"url":"http://hl7.org/fhir/StructureDefinition/implementationguide-page","valueUri":"obs-som-impact.html"}],"example":false,"name":"Somatic Impact","sourceReference":{"reference":"StructureDefinition/obs-som-impact"}},{"extension":[{"url":"http://hl7.org/fhir/StructureDefinition/implementationguide-page","valueUri":"obs-som-diagnostic.html"}],"example":false,"name":"Somatic Diagnostic Impact","sourceReference":{"reference":"StructureDefinition/obs-som-diagnostic"}},{"extension":[{"url":"http://hl7.org/fhir/StructureDefinition/implementationguide-page","valueUri":"obs-som-prognostic.html"}],"example":false,"name":"Somatic Prognostic Impact","sourceReference":{"reference":"StructureDefinition/obs-som-prognostic"}},{"extension":[{"url":"http://hl7.org/fhir/StructureDefinition/implementationguide-page","valueUri":"obs-som-predictive.html"}],"example":false,"name":"Somatic Predictive Impact","sourceReference":{"reference":"StructureDefinition/obs-som-predictive"}},{"extension":[{"url":"http://hl7.org/fhir/StructureDefinition/implementationguide-page","valueUri":"obs-copy-num-chg.html"}],"example":false,"name":"Copy Number Change","sourceReference":{"reference":"StructureDefinition/obs-copy-num-chg"}},{"extension":[{"url":"http://hl7.org/fhir/StructureDefinition/implementationguide-page","valueUri":"obs-region-studied.html"}],"example":false,"name":"Region Studied","sourceReference":{"reference":"StructureDefinition/obs-region-studied"}}]},{"id":"servicerequest-profile-spreadsheet.xml","name":"Service Request","resource":[{"extension":[{"url":"http://hl7.org/fhir/StructureDefinition/implementationguide-page","valueUri":"servicerequest.html"}],"example":false,"name":"ServiceRequest","sourceReference":{"reference":"StructureDefinition/servicerequest"}}]},{"id":"specimen-profile-spreadsheet.xml","name":"Specimen","resource":[{"extension":[{"url":"http://hl7.org/fhir/StructureDefinition/implementationguide-page","valueUri":"specimen.html"}],"example":false,"name":"Specimen","sourceReference":{"reference":"StructureDefinition/specimen"}}]},{"id":"task-profile-spreadsheet.xml","name":"Task profiles","resource":[{"extension":[{"url":"http://hl7.org/fhir/StructureDefinition/implementationguide-page","valueUri":"task-med-chg.html"}],"example":false,"name":"TaskMedChg","sourceReference":{"reference":"StructureDefinition/task-med-chg"}},{"extension":[{"url":"http://hl7.org/fhir/StructureDefinition/implementationguide-page","valueUri":"task-rec-followup.html"}],"example":false,"name":"TaskRecFollowup","sourceReference":{"reference":"StructureDefinition/task-rec-followup"}}]}],"page":{"source":"toc.html","title":"Table of Contents","kind":"page","page":[{"source":"index.html","title":"IG Home Page","kind":"page","page":[{"source":"background.html","title":"Genomics Background","kind":"page"},{"source":"general.html","title":"General Genomic Reporting","kind":"page"},{"source":"sequencing.html","title":"Variant Reporting","kind":"page"},{"source":"cytogenomics.html","title":"Cytogenomic Reporting","kind":"page"},{"source":"pharmacogenomics.html","title":"Pharmacogenomic Reporting","kind":"page"},{"source":"somatics.html","title":"Somatic Reporting","kind":"page"},{"source":"histocompatibility.html","title":"Histocompatibility and Immunogenetics Reporting","kind":"page"},{"source":"conversion.html","title":"Conversion from STU3","kind":"page"},{"source":"v2.html","title":"Appendix A: Relation to v2 reporting","kind":"page"},{"source":"cgapps.html","title":"Appendix B: Clinical Genomic Apps","kind":"page"},{"source":"domain.html","title":"Appendix C: Querying Genomics Information","kind":"page"}]},{"source":"artifacts.html","title":"Artifact List","kind":"page","page":[{"source":"obs-base.html","title":"Genetic Observation Common Properties","kind":"resource"},{"source":"diagnosticreport.html","title":"Genomics Report","kind":"resource"},{"source":"specimen.html","title":"Specimen","kind":"resource"},{"source":"task-rec-followup.html","title":"Recomended Followup","kind":"resource"},{"source":"servicerequest.html","title":"Request for Genetics Test","kind":"resource"},{"source":"obs-gen-panel.html","title":"Genomics Panel","kind":"resource"},{"source":"obs-overall.html","title":"Genomic analysis overall interpretation","kind":"resource"},{"source":"obs-deletion-dup.html","title":"Deletion-duplication overall interpretation","kind":"resource"},{"source":"obs-comp-gen-finding.html","title":"Computable Genetic Finding","kind":"resource"},{"source":"obs-haplotype.html","title":"Haplotype","kind":"resource"},{"source":"obs-genotype.html","title":"Genotype","kind":"resource"},{"source":"obs-cytogenetic-nomenclature.html","title":"Cytogenetic Nomenclature","kind":"resource"},{"source":"obs-complex-variant.html","title":"Complex Variant","kind":"resource"},{"source":"obs-described-variant.html","title":"Described Variant","kind":"resource"},{"source":"obs-sequence-phase-reltn.html","title":"Sequence Phase Relationship","kind":"resource"},{"source":"obs-impact.html","title":"Genetic Impact","kind":"resource"},{"source":"obs-inh-dis-path.html","title":"Inherited Disease Pathogenicity","kind":"resource"},{"source":"obs-region-studied.html","title":"Region Studied","kind":"resource"},{"source":"obs-copy-num-chg.html","title":"Copy Number Change","kind":"resource"},{"source":"device-micro-plat.html","title":"Device Microarray Platform","kind":"resource"},{"source":"device-fish-probe.html","title":"Device FISH Probe","kind":"resource"},{"source":"obs-med-impact.html","title":"Medication Impact","kind":"resource"},{"source":"obs-metabolism.html","title":"Medication Metabolism Impact","kind":"resource"},{"source":"obs-transporter.html","title":"Medication Transporter Impact","kind":"resource"},{"source":"obs-efficacy.html","title":"Medication Efficacy Impact","kind":"resource"},{"source":"obs-high-risk.html","title":"High Risk Allele","kind":"resource"},{"source":"task-med-chg.html","title":"Medication Usage Implication","kind":"resource"},{"source":"medicationstatement.html","title":"Current Medication","kind":"resource"},{"source":"obs-som-impact.html","title":"Somatic Impact","kind":"resource"},{"source":"obs-som-diagnostic.html","title":"Somatic Diagnostic Impact","kind":"resource"},{"source":"obs-som-prognostic.html","title":"Somatic Prognostic Impact","kind":"resource"},{"source":"obs-som-predictive.html","title":"Somatic Predictive Impact","kind":"resource"},{"source":"extension-dr-relatedArtifact.html","title":"Related Artifact","kind":"resource"},{"source":"extension-dr-recommendedAction.html","title":"Recommended Action - DiagnosticReport","kind":"resource"},{"source":"extension-dr-supportingInfo.html","title":"Supporting Information","kind":"resource"},{"source":"extension-obs-focus.html","title":"Focus","kind":"resource"},{"source":"extension-obs-recommendedAction.html","title":"Recommended Action - Observation","kind":"resource"},{"source":"diagnosticreport-cgexample.html","title":"Example - Genomics Reporting","kind":"resource"},{"source":"diagnosticreport-pgxexample.html","title":"Example - Pharmacogenomics","kind":"resource"},{"source":"CG-IG-HLA-FullBundle-01.html","title":"Example - Full Bundle HLA genotyping for HLA-A, HLA-B, and HLA-C, using GLStrings","kind":"resource"},{"source":"diagnosticreport-hla-glstring-r4.html","title":"Example - HLA genotyping for HLA-A, HLA-B, and HLA-C, using GLStrings","kind":"resource"},{"source":"obs-genotype-hla-a-glstring-r4.html","title":"Example - HLA genotyping for HLA-A, using GLStrings","kind":"resource"},{"source":"obs-haplotype-hla-a-1-r4.html","title":"Example - Observation for a single HLA-A allele","kind":"resource"},{"source":"specimen-hla-r4.html","title":"Example - Buccal swab for HLA typing","kind":"resource"},{"source":"servicerequest-hla-a-r4.html","title":"Example - Service request for high-resolution HLA-A genotyping","kind":"resource"}]},{"source":"usecases.html","title":"HL7 Domain Analysis Use Cases","kind":"page"}]}}