<?xml version="1.0" encoding="UTF-8"?><ImplementationGuide xmlns="http://hl7.org/fhir"><id value="genomics-reporting"/><text><status value="generated"/><div xmlns="http://www.w3.org/1999/xhtml"><h2>GenomicsReporting</h2><p>The official URL for this implementation guide is: </p><pre>http://hl7.org/fhir/uv/genomics-reporting/ImplementationGuide/genomics-reporting</pre><div><p>Guidelines for reporting of clinical genomics results using HL7 FHIR</p>
</div></div></text><url value="http://hl7.org/fhir/uv/genomics-reporting/ImplementationGuide/genomics-reporting"/><version value="0.3"/><name value="GenomicsReporting"/><status value="draft"/><experimental value="false"/><publisher value="HL7 International Clinical Genomics Work Group"/><description value="Guidelines for reporting of clinical genomics results using HL7 FHIR"/><jurisdiction><coding><system value="http://unstats.un.org/unsd/methods/m49/m49.htm"/><code value="001"/></coding></jurisdiction><packageId value="hl7.fhir.uv.genomics-reporting"/><license value="CC0-1.0"/><fhirVersion value="4.0.0"/><definition><grouping id="general"><name value="General Profiles"/><description value="General constraints on FHIR resources to be adhered to as part of the CG implementation guide that apply regardless of what area(s) of genomics are of interest"/></grouping><grouping id="somatics"><name value="Somatics"/><description value="Profiles related to the reporting of somatic genetic issues"/></grouping><grouping id="pharmacogenomics"><name value="Pharmacogenomics"/><description value="Profiles for reports relating to genetic impact on medication use and effectiveness"/></grouping><grouping id="cytogenomics"><name value="Cytogenomics"/><description value="Profiles for reporting cytogenetic results"/></grouping><grouping id="extensions"><name value="Extensions"/><description value="Extensions defined as part of the CG implementation guide"/></grouping><grouping id="examples"><name value="Example(s)"/><description value="Example(s) showing the use of the CG profiles"/></grouping><grouping id="device-profile-spreadsheet.xml"><name value="Device"/></grouping><grouping id="diagnosticreport-profile-spreadsheet.xml"><name value="Genomics Report"/></grouping><grouping id="medicationstatement-profile-spreadsheet.xml"><name value="Medication Statement"/></grouping><grouping id="observation-profile-spreadsheet.xml"><name value="Observations"/></grouping><grouping id="servicerequest-profile-spreadsheet.xml"><name value="Service Request"/></grouping><grouping id="specimen-profile-spreadsheet.xml"><name value="Specimen"/></grouping><grouping id="task-profile-spreadsheet.xml"><name value="Task profiles"/></grouping><resource><extension url="http://hl7.org/fhir/StructureDefinition/implementationguide-page"><valueUri value="diagnosticreport-cgexample.html"/></extension><reference><reference value="Bundle/diagnosticreport-cgexample"/></reference><name value="Example - Genomics Reporting"/><description value="Test instance showing data from the CG v2 spec"/><exampleCanonical value="StructureDefinition/diagnosticreport"/><groupingId value="examples"/></resource><resource><extension url="http://hl7.org/fhir/StructureDefinition/implementationguide-page"><valueUri value="diagnosticreport-pgxexample.html"/></extension><reference><reference value="Bundle/diagnosticreport-pgxexample"/></reference><name value="Example - Pharmacogenomics"/><description value="Pharmacogenomic Report Example instances"/><exampleCanonical value="StructureDefinition/diagnosticreport"/><groupingId value="examples"/></resource><resource><extension url="http://hl7.org/fhir/StructureDefinition/implementationguide-page"><valueUri value="CG-IG-HLA-FullBundle-01.html"/></extension><reference><reference value="Bundle/CG-IG-HLA-FullBundle-01"/></reference><name value="Example - Full Bundle HLA genotyping for HLA-A, HLA-B, and HLA-C, using GLStrings"/><description value="Full Bundle HLA Typing Example"/><exampleCanonical value="StructureDefinition/diagnosticreport"/><groupingId value="examples"/></resource><resource><extension url="http://hl7.org/fhir/StructureDefinition/implementationguide-page"><valueUri value="diagnosticreport-hla-glstring-r4.html"/></extension><reference><reference value="DiagnosticReport/diagnosticreport-hla-glstring-r4"/></reference><name value="Example - HLA genotyping for HLA-A, HLA-B, and HLA-C, using GLStrings"/><description value="DiagnosticReport HLA Typing Example"/><exampleCanonical value="StructureDefinition/diagnosticreport"/><groupingId value="examples"/></resource><resource><extension url="http://hl7.org/fhir/StructureDefinition/implementationguide-page"><valueUri value="obs-genotype-hla-a-glstring-r4.html"/></extension><reference><reference value="Observation/obs-genotype-hla-a-glstring-r4"/></reference><name value="Example - HLA genotyping for HLA-A, using GLStrings"/><description value="HLA-A genoyping Example: HLA-A*03:01:01:01+HLA-A*30:01:01"/><exampleCanonical value="StructureDefinition/obs-genotype"/><groupingId value="examples"/></resource><resource><extension url="http://hl7.org/fhir/StructureDefinition/implementationguide-page"><valueUri value="obs-haplotype-hla-a-1-r4.html"/></extension><reference><reference value="Observation/obs-haplotype-hla-a-1-r4"/></reference><name value="Example - Observation for a single HLA-A allele"/><description value="HLA-A allele observaation: HLA-A*03:01:01:01"/><exampleCanonical value="StructureDefinition/obs-haplotype"/><groupingId value="examples"/></resource><resource><extension url="http://hl7.org/fhir/StructureDefinition/implementationguide-page"><valueUri value="specimen-hla-r4.html"/></extension><reference><reference value="Specimen/specimen-hla-r4"/></reference><name value="Example - Buccal swab for HLA typing"/><description value="Specimen example: Buccal swab for HLA typing"/><exampleCanonical value="StructureDefinition/specimen"/><groupingId value="examples"/></resource><resource><extension url="http://hl7.org/fhir/StructureDefinition/implementationguide-page"><valueUri value="servicerequest-hla-a-r4.html"/></extension><reference><reference value="ServiceRequest/servicerequest-hla-a-r4"/></reference><name value="Example - Service request for high-resolution HLA-A genotyping"/><description value="ServiceRequest example: High-resolution HLA-A genotyping"/><exampleCanonical value="StructureDefinition/servicerequest"/><groupingId value="examples"/></resource><resource><extension url="http://hl7.org/fhir/StructureDefinition/implementationguide-page"><valueUri value="device-micro-plat.html"/></extension><reference><reference value="StructureDefinition/device-micro-plat"/></reference><name value="DeviceMicroPlat"/><groupingId value="device-profile-spreadsheet.xml"/></resource><resource><extension url="http://hl7.org/fhir/StructureDefinition/implementationguide-page"><valueUri value="device-fish-probe.html"/></extension><reference><reference value="StructureDefinition/device-fish-probe"/></reference><name value="DeviceFishProbe"/><groupingId value="device-profile-spreadsheet.xml"/></resource><resource><extension url="http://hl7.org/fhir/StructureDefinition/implementationguide-page"><valueUri value="extension-dr-supportingInfo.html"/></extension><reference><reference value="StructureDefinition/dr-supportingInfo"/></reference><name value="SupportingInfo"/><groupingId value="diagnosticreport-profile-spreadsheet.xml"/></resource><resource><extension url="http://hl7.org/fhir/StructureDefinition/implementationguide-page"><valueUri value="extension-dr-recommendedAction.html"/></extension><reference><reference value="StructureDefinition/dr-recommendedAction"/></reference><name value="RecommendedAction"/><groupingId value="diagnosticreport-profile-spreadsheet.xml"/></resource><resource><extension url="http://hl7.org/fhir/StructureDefinition/implementationguide-page"><valueUri value="extension-dr-relatedArtifact.html"/></extension><reference><reference value="StructureDefinition/dr-relatedArtifact"/></reference><name value="RelatedArtifact"/><groupingId value="diagnosticreport-profile-spreadsheet.xml"/></resource><resource><extension url="http://hl7.org/fhir/StructureDefinition/implementationguide-page"><valueUri value="diagnosticreport.html"/></extension><reference><reference value="StructureDefinition/diagnosticreport"/></reference><name value="DiagnosticeReport"/><groupingId value="diagnosticreport-profile-spreadsheet.xml"/></resource><resource><extension url="http://hl7.org/fhir/StructureDefinition/implementationguide-page"><valueUri value="medicationstatement.html"/></extension><reference><reference value="StructureDefinition/medicationstatement"/></reference><name value="MedicationStatement"/><groupingId value="medicationstatement-profile-spreadsheet.xml"/></resource><resource><extension url="http://hl7.org/fhir/StructureDefinition/implementationguide-page"><valueUri value="valueset-genetic-coordinate-system.html"/></extension><reference><reference value="ValueSet/genetic-coordinate-system"/></reference><name value="GeneticCoordinateSystem"/><groupingId value="observation-profile-spreadsheet.xml"/></resource><resource><extension url="http://hl7.org/fhir/StructureDefinition/implementationguide-page"><valueUri value="genetic-coordinate-system.html"/></extension><reference><reference value="CodeSystem/genetic-coordinate-system"/></reference><name value="GeneticCoordinateSystem"/><groupingId value="observation-profile-spreadsheet.xml"/></resource><resource><extension url="http://hl7.org/fhir/StructureDefinition/implementationguide-page"><valueUri value="extension-obs-focus.html"/></extension><reference><reference value="StructureDefinition/obs-focus"/></reference><name value="Focus"/><groupingId value="observation-profile-spreadsheet.xml"/></resource><resource><extension url="http://hl7.org/fhir/StructureDefinition/implementationguide-page"><valueUri value="extension-obs-recommendedAction.html"/></extension><reference><reference value="StructureDefinition/obs-recommendedAction"/></reference><name value="Recommended Action"/><groupingId value="observation-profile-spreadsheet.xml"/></resource><resource><extension url="http://hl7.org/fhir/StructureDefinition/implementationguide-page"><valueUri value="obs-base.html"/></extension><reference><reference value="StructureDefinition/obs-base"/></reference><name value="Genetic Observation Common Properties"/><groupingId value="observation-profile-spreadsheet.xml"/></resource><resource><extension url="http://hl7.org/fhir/StructureDefinition/implementationguide-page"><valueUri value="obs-gen-panel.html"/></extension><reference><reference value="StructureDefinition/obs-gen-panel"/></reference><name value="Genomics Panel"/><groupingId value="observation-profile-spreadsheet.xml"/></resource><resource><extension url="http://hl7.org/fhir/StructureDefinition/implementationguide-page"><valueUri value="obs-overall.html"/></extension><reference><reference value="StructureDefinition/obs-overall"/></reference><name value="Genomic analysis overall interpretation"/><groupingId value="observation-profile-spreadsheet.xml"/></resource><resource><extension url="http://hl7.org/fhir/StructureDefinition/implementationguide-page"><valueUri value="obs-deletion-dup.html"/></extension><reference><reference value="StructureDefinition/obs-deletion-dup"/></reference><name value="Deletion-duplication overall interpretation"/><groupingId value="observation-profile-spreadsheet.xml"/></resource><resource><extension url="http://hl7.org/fhir/StructureDefinition/implementationguide-page"><valueUri value="obs-comp-gen-finding.html"/></extension><reference><reference value="StructureDefinition/obs-comp-gen-finding"/></reference><name value="Computable Genetic Finding"/><groupingId value="observation-profile-spreadsheet.xml"/></resource><resource><extension url="http://hl7.org/fhir/StructureDefinition/implementationguide-page"><valueUri value="obs-genotype.html"/></extension><reference><reference value="StructureDefinition/obs-genotype"/></reference><name value="Genotype"/><groupingId value="observation-profile-spreadsheet.xml"/></resource><resource><extension url="http://hl7.org/fhir/StructureDefinition/implementationguide-page"><valueUri value="obs-haplotype.html"/></extension><reference><reference value="StructureDefinition/obs-haplotype"/></reference><name value="Haplotype"/><groupingId value="observation-profile-spreadsheet.xml"/></resource><resource><extension url="http://hl7.org/fhir/StructureDefinition/implementationguide-page"><valueUri value="obs-complex-variant.html"/></extension><reference><reference value="StructureDefinition/obs-complex-variant"/></reference><name value="Complex variation"/><groupingId value="observation-profile-spreadsheet.xml"/></resource><resource><extension url="http://hl7.org/fhir/StructureDefinition/implementationguide-page"><valueUri value="obs-described-variant.html"/></extension><reference><reference value="StructureDefinition/obs-described-variant"/></reference><name value="Described Variant"/><groupingId value="observation-profile-spreadsheet.xml"/></resource><resource><extension url="http://hl7.org/fhir/StructureDefinition/implementationguide-page"><valueUri value="obs-cytogenetic-nomenclature.html"/></extension><reference><reference value="StructureDefinition/obs-cytogenetic-nomenclature"/></reference><name value="Cytogenetic Nomenclature"/><groupingId value="observation-profile-spreadsheet.xml"/></resource><resource><extension url="http://hl7.org/fhir/StructureDefinition/implementationguide-page"><valueUri value="obs-sequence-phase-reltn.html"/></extension><reference><reference value="StructureDefinition/obs-sequence-phase-reltn"/></reference><name value="Sequence Phase Relationship"/><groupingId value="observation-profile-spreadsheet.xml"/></resource><resource><extension url="http://hl7.org/fhir/StructureDefinition/implementationguide-page"><valueUri value="obs-impact.html"/></extension><reference><reference value="StructureDefinition/obs-impact"/></reference><name value="Genomic Impact"/><groupingId value="observation-profile-spreadsheet.xml"/></resource><resource><extension url="http://hl7.org/fhir/StructureDefinition/implementationguide-page"><valueUri value="obs-inh-dis-path.html"/></extension><reference><reference value="StructureDefinition/obs-inh-dis-path"/></reference><name value="Inherited Disease Pathogenicity"/><groupingId value="observation-profile-spreadsheet.xml"/></resource><resource><extension url="http://hl7.org/fhir/StructureDefinition/implementationguide-page"><valueUri value="obs-med-impact.html"/></extension><reference><reference value="StructureDefinition/obs-med-impact"/></reference><name value="Medication Impact"/><groupingId value="observation-profile-spreadsheet.xml"/></resource><resource><extension url="http://hl7.org/fhir/StructureDefinition/implementationguide-page"><valueUri value="obs-metabolism.html"/></extension><reference><reference value="StructureDefinition/obs-metabolism"/></reference><name value="Medication Metabolism Impact"/><groupingId value="observation-profile-spreadsheet.xml"/></resource><resource><extension url="http://hl7.org/fhir/StructureDefinition/implementationguide-page"><valueUri value="obs-transporter.html"/></extension><reference><reference value="StructureDefinition/obs-transporter"/></reference><name value="Medication Transporter Impact"/><groupingId value="observation-profile-spreadsheet.xml"/></resource><resource><extension url="http://hl7.org/fhir/StructureDefinition/implementationguide-page"><valueUri value="obs-efficacy.html"/></extension><reference><reference value="StructureDefinition/obs-efficacy"/></reference><name value="Medication Efficacy Impact"/><groupingId value="observation-profile-spreadsheet.xml"/></resource><resource><extension url="http://hl7.org/fhir/StructureDefinition/implementationguide-page"><valueUri value="obs-high-risk.html"/></extension><reference><reference value="StructureDefinition/obs-high-risk"/></reference><name value="High Risk Allele"/><groupingId value="observation-profile-spreadsheet.xml"/></resource><resource><extension url="http://hl7.org/fhir/StructureDefinition/implementationguide-page"><valueUri value="obs-som-impact.html"/></extension><reference><reference value="StructureDefinition/obs-som-impact"/></reference><name value="Somatic Impact"/><groupingId value="observation-profile-spreadsheet.xml"/></resource><resource><extension url="http://hl7.org/fhir/StructureDefinition/implementationguide-page"><valueUri value="obs-som-diagnostic.html"/></extension><reference><reference value="StructureDefinition/obs-som-diagnostic"/></reference><name value="Somatic Diagnostic Impact"/><groupingId value="observation-profile-spreadsheet.xml"/></resource><resource><extension url="http://hl7.org/fhir/StructureDefinition/implementationguide-page"><valueUri value="obs-som-prognostic.html"/></extension><reference><reference value="StructureDefinition/obs-som-prognostic"/></reference><name value="Somatic Prognostic Impact"/><groupingId value="observation-profile-spreadsheet.xml"/></resource><resource><extension url="http://hl7.org/fhir/StructureDefinition/implementationguide-page"><valueUri value="obs-som-predictive.html"/></extension><reference><reference value="StructureDefinition/obs-som-predictive"/></reference><name value="Somatic Predictive Impact"/><groupingId value="observation-profile-spreadsheet.xml"/></resource><resource><extension url="http://hl7.org/fhir/StructureDefinition/implementationguide-page"><valueUri value="obs-copy-num-chg.html"/></extension><reference><reference value="StructureDefinition/obs-copy-num-chg"/></reference><name value="Copy Number Change"/><groupingId value="observation-profile-spreadsheet.xml"/></resource><resource><extension url="http://hl7.org/fhir/StructureDefinition/implementationguide-page"><valueUri value="obs-region-studied.html"/></extension><reference><reference value="StructureDefinition/obs-region-studied"/></reference><name value="Region Studied"/><groupingId value="observation-profile-spreadsheet.xml"/></resource><resource><extension url="http://hl7.org/fhir/StructureDefinition/implementationguide-page"><valueUri value="servicerequest.html"/></extension><reference><reference value="StructureDefinition/servicerequest"/></reference><name value="ServiceRequest"/><groupingId value="servicerequest-profile-spreadsheet.xml"/></resource><resource><extension url="http://hl7.org/fhir/StructureDefinition/implementationguide-page"><valueUri value="specimen.html"/></extension><reference><reference value="StructureDefinition/specimen"/></reference><name value="Specimen"/><groupingId value="specimen-profile-spreadsheet.xml"/></resource><resource><extension url="http://hl7.org/fhir/StructureDefinition/implementationguide-page"><valueUri value="task-med-chg.html"/></extension><reference><reference value="StructureDefinition/task-med-chg"/></reference><name value="TaskMedChg"/><groupingId value="task-profile-spreadsheet.xml"/></resource><resource><extension url="http://hl7.org/fhir/StructureDefinition/implementationguide-page"><valueUri value="task-rec-followup.html"/></extension><reference><reference value="StructureDefinition/task-rec-followup"/></reference><name value="TaskRecFollowup"/><groupingId value="task-profile-spreadsheet.xml"/></resource><page><nameUrl value="toc.html"/><title value="Table of Contents"/><generation value="html"/><page><nameUrl value="index.html"/><title value="IG Home Page"/><generation value="html"/><page><nameUrl value="background.html"/><title value="Genomics Background"/><generation value="html"/></page><page><nameUrl value="general.html"/><title value="General Genomic Reporting"/><generation value="html"/></page><page><nameUrl value="sequencing.html"/><title value="Variant Reporting"/><generation value="html"/></page><page><nameUrl value="cytogenomics.html"/><title value="Cytogenomic Reporting"/><generation value="html"/></page><page><nameUrl value="pharmacogenomics.html"/><title value="Pharmacogenomic Reporting"/><generation value="html"/></page><page><nameUrl value="somatics.html"/><title value="Somatic Reporting"/><generation value="html"/></page><page><nameUrl value="histocompatibility.html"/><title value="Histocompatibility and Immunogenetics Reporting"/><generation value="html"/></page><page><nameUrl value="conversion.html"/><title value="Conversion from STU3"/><generation value="html"/></page><page><nameUrl value="v2.html"/><title value="Appendix A: Relation to v2 reporting"/><generation value="html"/></page><page><nameUrl value="cgapps.html"/><title value="Appendix B: Clinical Genomic Apps"/><generation value="html"/></page><page><nameUrl value="domain.html"/><title value="Appendix C: Querying Genomics Information"/><generation value="html"/></page></page><page><nameUrl value="artifacts.html"/><title value="Artifact List"/><generation value="html"/><page><nameUrl value="obs-base.html"/><title value="Genetic Observation Common Properties"/><generation value="generated"/></page><page><nameUrl value="diagnosticreport.html"/><title value="Genomics Report"/><generation value="generated"/></page><page><nameUrl value="specimen.html"/><title value="Specimen"/><generation value="generated"/></page><page><nameUrl value="task-rec-followup.html"/><title value="Recomended Followup"/><generation value="generated"/></page><page><nameUrl value="servicerequest.html"/><title value="Request for Genetics Test"/><generation value="generated"/></page><page><nameUrl value="obs-gen-panel.html"/><title value="Genomics Panel"/><generation value="generated"/></page><page><nameUrl value="obs-overall.html"/><title value="Genomic analysis overall interpretation"/><generation value="generated"/></page><page><nameUrl value="obs-deletion-dup.html"/><title value="Deletion-duplication overall interpretation"/><generation value="generated"/></page><page><nameUrl value="obs-comp-gen-finding.html"/><title value="Computable Genetic Finding"/><generation value="generated"/></page><page><nameUrl value="obs-haplotype.html"/><title value="Haplotype"/><generation value="generated"/></page><page><nameUrl value="obs-genotype.html"/><title value="Genotype"/><generation value="generated"/></page><page><nameUrl value="obs-cytogenetic-nomenclature.html"/><title value="Cytogenetic Nomenclature"/><generation value="generated"/></page><page><nameUrl value="obs-complex-variant.html"/><title value="Complex Variant"/><generation value="generated"/></page><page><nameUrl value="obs-described-variant.html"/><title value="Described Variant"/><generation value="generated"/></page><page><nameUrl value="obs-sequence-phase-reltn.html"/><title value="Sequence Phase Relationship"/><generation value="generated"/></page><page><nameUrl value="obs-impact.html"/><title value="Genetic Impact"/><generation value="generated"/></page><page><nameUrl value="obs-inh-dis-path.html"/><title value="Inherited Disease Pathogenicity"/><generation value="generated"/></page><page><nameUrl value="obs-region-studied.html"/><title value="Region Studied"/><generation value="generated"/></page><page><nameUrl value="obs-copy-num-chg.html"/><title value="Copy Number Change"/><generation value="generated"/></page><page><nameUrl value="device-micro-plat.html"/><title value="Device Microarray Platform"/><generation value="generated"/></page><page><nameUrl value="device-fish-probe.html"/><title value="Device FISH Probe"/><generation value="generated"/></page><page><nameUrl value="obs-med-impact.html"/><title value="Medication Impact"/><generation value="generated"/></page><page><nameUrl value="obs-metabolism.html"/><title value="Medication Metabolism Impact"/><generation value="generated"/></page><page><nameUrl value="obs-transporter.html"/><title value="Medication Transporter Impact"/><generation value="generated"/></page><page><nameUrl value="obs-efficacy.html"/><title value="Medication Efficacy Impact"/><generation value="generated"/></page><page><nameUrl value="obs-high-risk.html"/><title value="High Risk Allele"/><generation value="generated"/></page><page><nameUrl value="task-med-chg.html"/><title value="Medication Usage Implication"/><generation value="generated"/></page><page><nameUrl value="medicationstatement.html"/><title value="Current Medication"/><generation value="generated"/></page><page><nameUrl value="obs-som-impact.html"/><title value="Somatic Impact"/><generation value="generated"/></page><page><nameUrl value="obs-som-diagnostic.html"/><title value="Somatic Diagnostic Impact"/><generation value="generated"/></page><page><nameUrl value="obs-som-prognostic.html"/><title value="Somatic Prognostic Impact"/><generation value="generated"/></page><page><nameUrl value="obs-som-predictive.html"/><title value="Somatic Predictive Impact"/><generation value="generated"/></page><page><nameUrl value="extension-dr-relatedArtifact.html"/><title value="Related Artifact"/><generation value="generated"/></page><page><nameUrl value="extension-dr-recommendedAction.html"/><title value="Recommended Action - DiagnosticReport"/><generation value="generated"/></page><page><nameUrl value="extension-dr-supportingInfo.html"/><title value="Supporting Information"/><generation value="generated"/></page><page><nameUrl value="extension-obs-focus.html"/><title value="Focus"/><generation value="generated"/></page><page><nameUrl value="extension-obs-recommendedAction.html"/><title value="Recommended Action - Observation"/><generation value="generated"/></page><page><nameUrl value="diagnosticreport-cgexample.html"/><title value="Example - Genomics Reporting"/><generation value="generated"/></page><page><nameUrl value="diagnosticreport-pgxexample.html"/><title value="Example - Pharmacogenomics"/><generation value="generated"/></page><page><nameUrl value="CG-IG-HLA-FullBundle-01.html"/><title value="Example - Full Bundle HLA genotyping for HLA-A, HLA-B, and HLA-C, using GLStrings"/><generation value="generated"/></page><page><nameUrl value="diagnosticreport-hla-glstring-r4.html"/><title value="Example - HLA genotyping for HLA-A, HLA-B, and HLA-C, using GLStrings"/><generation value="generated"/></page><page><nameUrl value="obs-genotype-hla-a-glstring-r4.html"/><title value="Example - HLA genotyping for HLA-A, using GLStrings"/><generation value="generated"/></page><page><nameUrl value="obs-haplotype-hla-a-1-r4.html"/><title value="Example - Observation for a single HLA-A allele"/><generation value="generated"/></page><page><nameUrl value="specimen-hla-r4.html"/><title value="Example - Buccal swab for HLA typing"/><generation value="generated"/></page><page><nameUrl value="servicerequest-hla-a-r4.html"/><title value="Example - Service request for high-resolution HLA-A genotyping"/><generation value="generated"/></page></page><page><nameUrl value="usecases.html"/><title value="HL7 Domain Analysis Use Cases"/><generation value="html"/></page></page></definition></ImplementationGuide>