<?xml version="1.0" encoding="UTF-8"?><ValueSet xmlns="http://hl7.org/fhir"><id value="hgnc"/><meta><profile value="http://hl7.org/fhir/StructureDefinition/shareablevalueset"/></meta><text><status value="generated"/><div xmlns="http://www.w3.org/1999/xhtml"><h2>HGNC</h2><div><p>This value set includes all HGNC Codes</p>
</div><p>This value set includes codes from the following code systems:</p><ul><li>Include all codes defined in <a href="http://www.genenames.org"><code>http://www.genenames.org</code></a></li></ul></div></text><extension url="http://hl7.org/fhir/StructureDefinition/structuredefinition-wg"><valueCode value="cg"/></extension><extension url="http://hl7.org/fhir/StructureDefinition/structuredefinition-standards-status"><valueCode value="draft"/></extension><url value="http://hl7.org/fhir/uv/genomics-reporting/ValueSet/hgnc"/><version value="0.3"/><name value="HGNC"/><title value="HGNC"/><status value="draft"/><experimental value="true"/><date value="2018-10-01"/><publisher value="HL7 (Clinical Genomics)"/><contact><telecom><system value="url"/><value value="http://hl7.org/fhir"/></telecom><telecom><system value="email"/><value value="fhir@lists.hl7.org"/></telecom></contact><description value="This value set includes all HGNC Codes"/><compose><include><system value="http://www.genenames.org"/></include></compose></ValueSet>