{
  "resourceType": "ImplementationGuide",
  "id": "genomics-reporting",
  "text": {
    "status": "generated",
    "div": "<div xmlns=\"http://www.w3.org/1999/xhtml\"><h2>GenomicsReporting</h2><p>The official URL for this implementation guide is: </p><pre>http://hl7.org/fhir/uv/genomics-reporting/ImplementationGuide/genomics-reporting</pre><div><p>Guidelines for reporting of clinical genomics results using HL7 FHIR</p>\n</div></div>"
  },
  "url": "http://hl7.org/fhir/uv/genomics-reporting/ImplementationGuide/genomics-reporting",
  "version": "0.3",
  "name": "GenomicsReporting",
  "status": "draft",
  "experimental": false,
  "publisher": "HL7 International Clinical Genomics Work Group",
  "description": "Guidelines for reporting of clinical genomics results using HL7 FHIR",
  "jurisdiction": [
    {
      "coding": [
        {
          "system": "http://unstats.un.org/unsd/methods/m49/m49.htm",
          "code": "001"
        }
      ]
    }
  ],
  "packageId": "hl7.fhir.uv.genomics-reporting",
  "license": "CC0-1.0",
  "fhirVersion": [
    "4.0.0"
  ],
  "definition": {
    "grouping": [
      {
        "id": "general",
        "name": "General Profiles",
        "description": "General constraints on FHIR resources to be adhered to as part of the CG implementation guide that apply regardless of what area(s) of genomics are of interest"
      },
      {
        "id": "somatics",
        "name": "Somatics",
        "description": "Profiles related to the reporting of somatic genetic issues"
      },
      {
        "id": "pharmacogenomics",
        "name": "Pharmacogenomics",
        "description": "Profiles for reports relating to genetic impact on medication use and effectiveness"
      },
      {
        "id": "cytogenomics",
        "name": "Cytogenomics",
        "description": "Profiles for reporting cytogenetic results"
      },
      {
        "id": "extensions",
        "name": "Extensions",
        "description": "Extensions defined as part of the CG implementation guide"
      },
      {
        "id": "examples",
        "name": "Example(s)",
        "description": "Example(s) showing the use of the CG profiles"
      },
      {
        "id": "device-profile-spreadsheet.xml",
        "name": "Device"
      },
      {
        "id": "diagnosticreport-profile-spreadsheet.xml",
        "name": "Genomics Report"
      },
      {
        "id": "medicationstatement-profile-spreadsheet.xml",
        "name": "Medication Statement"
      },
      {
        "id": "observation-profile-spreadsheet.xml",
        "name": "Observations"
      },
      {
        "id": "servicerequest-profile-spreadsheet.xml",
        "name": "Service Request"
      },
      {
        "id": "specimen-profile-spreadsheet.xml",
        "name": "Specimen"
      },
      {
        "id": "task-profile-spreadsheet.xml",
        "name": "Task profiles"
      }
    ],
    "resource": [
      {
        "extension": [
          {
            "url": "http://hl7.org/fhir/StructureDefinition/implementationguide-page",
            "valueUri": "diagnosticreport-cgexample.html"
          }
        ],
        "reference": {
          "reference": "Bundle/diagnosticreport-cgexample"
        },
        "name": "Example - Genomics Reporting",
        "description": "Test instance showing data from the CG v2 spec",
        "exampleCanonical": "StructureDefinition/diagnosticreport",
        "groupingId": "examples"
      },
      {
        "extension": [
          {
            "url": "http://hl7.org/fhir/StructureDefinition/implementationguide-page",
            "valueUri": "diagnosticreport-pgxexample.html"
          }
        ],
        "reference": {
          "reference": "Bundle/diagnosticreport-pgxexample"
        },
        "name": "Example - Pharmacogenomics",
        "description": "Pharmacogenomic Report Example instances",
        "exampleCanonical": "StructureDefinition/diagnosticreport",
        "groupingId": "examples"
      },
      {
        "extension": [
          {
            "url": "http://hl7.org/fhir/StructureDefinition/implementationguide-page",
            "valueUri": "CG-IG-HLA-FullBundle-01.html"
          }
        ],
        "reference": {
          "reference": "Bundle/CG-IG-HLA-FullBundle-01"
        },
        "name": "Example - Full Bundle HLA genotyping for HLA-A, HLA-B, and HLA-C, using GLStrings",
        "description": "Full Bundle HLA Typing Example",
        "exampleCanonical": "StructureDefinition/diagnosticreport",
        "groupingId": "examples"
      },
      {
        "extension": [
          {
            "url": "http://hl7.org/fhir/StructureDefinition/implementationguide-page",
            "valueUri": "diagnosticreport-hla-glstring-r4.html"
          }
        ],
        "reference": {
          "reference": "DiagnosticReport/diagnosticreport-hla-glstring-r4"
        },
        "name": "Example - HLA genotyping for HLA-A, HLA-B, and HLA-C, using GLStrings",
        "description": "DiagnosticReport HLA Typing Example",
        "exampleCanonical": "StructureDefinition/diagnosticreport",
        "groupingId": "examples"
      },
      {
        "extension": [
          {
            "url": "http://hl7.org/fhir/StructureDefinition/implementationguide-page",
            "valueUri": "obs-genotype-hla-a-glstring-r4.html"
          }
        ],
        "reference": {
          "reference": "Observation/obs-genotype-hla-a-glstring-r4"
        },
        "name": "Example - HLA genotyping for HLA-A, using GLStrings",
        "description": "HLA-A genoyping Example: HLA-A*03:01:01:01+HLA-A*30:01:01",
        "exampleCanonical": "StructureDefinition/obs-genotype",
        "groupingId": "examples"
      },
      {
        "extension": [
          {
            "url": "http://hl7.org/fhir/StructureDefinition/implementationguide-page",
            "valueUri": "obs-haplotype-hla-a-1-r4.html"
          }
        ],
        "reference": {
          "reference": "Observation/obs-haplotype-hla-a-1-r4"
        },
        "name": "Example - Observation for a single HLA-A allele",
        "description": "HLA-A allele observaation: HLA-A*03:01:01:01",
        "exampleCanonical": "StructureDefinition/obs-haplotype",
        "groupingId": "examples"
      },
      {
        "extension": [
          {
            "url": "http://hl7.org/fhir/StructureDefinition/implementationguide-page",
            "valueUri": "specimen-hla-r4.html"
          }
        ],
        "reference": {
          "reference": "Specimen/specimen-hla-r4"
        },
        "name": "Example - Buccal swab for HLA typing",
        "description": "Specimen example: Buccal swab for HLA typing",
        "exampleCanonical": "StructureDefinition/specimen",
        "groupingId": "examples"
      },
      {
        "extension": [
          {
            "url": "http://hl7.org/fhir/StructureDefinition/implementationguide-page",
            "valueUri": "servicerequest-hla-a-r4.html"
          }
        ],
        "reference": {
          "reference": "ServiceRequest/servicerequest-hla-a-r4"
        },
        "name": "Example - Service request for high-resolution HLA-A genotyping",
        "description": "ServiceRequest example: High-resolution HLA-A genotyping",
        "exampleCanonical": "StructureDefinition/servicerequest",
        "groupingId": "examples"
      },
      {
        "extension": [
          {
            "url": "http://hl7.org/fhir/StructureDefinition/implementationguide-page",
            "valueUri": "device-micro-plat.html"
          }
        ],
        "reference": {
          "reference": "StructureDefinition/device-micro-plat"
        },
        "name": "DeviceMicroPlat",
        "groupingId": "device-profile-spreadsheet.xml"
      },
      {
        "extension": [
          {
            "url": "http://hl7.org/fhir/StructureDefinition/implementationguide-page",
            "valueUri": "device-fish-probe.html"
          }
        ],
        "reference": {
          "reference": "StructureDefinition/device-fish-probe"
        },
        "name": "DeviceFishProbe",
        "groupingId": "device-profile-spreadsheet.xml"
      },
      {
        "extension": [
          {
            "url": "http://hl7.org/fhir/StructureDefinition/implementationguide-page",
            "valueUri": "extension-dr-supportingInfo.html"
          }
        ],
        "reference": {
          "reference": "StructureDefinition/dr-supportingInfo"
        },
        "name": "SupportingInfo",
        "groupingId": "diagnosticreport-profile-spreadsheet.xml"
      },
      {
        "extension": [
          {
            "url": "http://hl7.org/fhir/StructureDefinition/implementationguide-page",
            "valueUri": "extension-dr-recommendedAction.html"
          }
        ],
        "reference": {
          "reference": "StructureDefinition/dr-recommendedAction"
        },
        "name": "RecommendedAction",
        "groupingId": "diagnosticreport-profile-spreadsheet.xml"
      },
      {
        "extension": [
          {
            "url": "http://hl7.org/fhir/StructureDefinition/implementationguide-page",
            "valueUri": "extension-dr-relatedArtifact.html"
          }
        ],
        "reference": {
          "reference": "StructureDefinition/dr-relatedArtifact"
        },
        "name": "RelatedArtifact",
        "groupingId": "diagnosticreport-profile-spreadsheet.xml"
      },
      {
        "extension": [
          {
            "url": "http://hl7.org/fhir/StructureDefinition/implementationguide-page",
            "valueUri": "diagnosticreport.html"
          }
        ],
        "reference": {
          "reference": "StructureDefinition/diagnosticreport"
        },
        "name": "DiagnosticeReport",
        "groupingId": "diagnosticreport-profile-spreadsheet.xml"
      },
      {
        "extension": [
          {
            "url": "http://hl7.org/fhir/StructureDefinition/implementationguide-page",
            "valueUri": "medicationstatement.html"
          }
        ],
        "reference": {
          "reference": "StructureDefinition/medicationstatement"
        },
        "name": "MedicationStatement",
        "groupingId": "medicationstatement-profile-spreadsheet.xml"
      },
      {
        "extension": [
          {
            "url": "http://hl7.org/fhir/StructureDefinition/implementationguide-page",
            "valueUri": "valueset-genetic-coordinate-system.html"
          }
        ],
        "reference": {
          "reference": "ValueSet/genetic-coordinate-system"
        },
        "name": "GeneticCoordinateSystem",
        "groupingId": "observation-profile-spreadsheet.xml"
      },
      {
        "extension": [
          {
            "url": "http://hl7.org/fhir/StructureDefinition/implementationguide-page",
            "valueUri": "genetic-coordinate-system.html"
          }
        ],
        "reference": {
          "reference": "CodeSystem/genetic-coordinate-system"
        },
        "name": "GeneticCoordinateSystem",
        "groupingId": "observation-profile-spreadsheet.xml"
      },
      {
        "extension": [
          {
            "url": "http://hl7.org/fhir/StructureDefinition/implementationguide-page",
            "valueUri": "extension-obs-focus.html"
          }
        ],
        "reference": {
          "reference": "StructureDefinition/obs-focus"
        },
        "name": "Focus",
        "groupingId": "observation-profile-spreadsheet.xml"
      },
      {
        "extension": [
          {
            "url": "http://hl7.org/fhir/StructureDefinition/implementationguide-page",
            "valueUri": "extension-obs-recommendedAction.html"
          }
        ],
        "reference": {
          "reference": "StructureDefinition/obs-recommendedAction"
        },
        "name": "Recommended Action",
        "groupingId": "observation-profile-spreadsheet.xml"
      },
      {
        "extension": [
          {
            "url": "http://hl7.org/fhir/StructureDefinition/implementationguide-page",
            "valueUri": "obs-base.html"
          }
        ],
        "reference": {
          "reference": "StructureDefinition/obs-base"
        },
        "name": "Genetic Observation Common Properties",
        "groupingId": "observation-profile-spreadsheet.xml"
      },
      {
        "extension": [
          {
            "url": "http://hl7.org/fhir/StructureDefinition/implementationguide-page",
            "valueUri": "obs-gen-panel.html"
          }
        ],
        "reference": {
          "reference": "StructureDefinition/obs-gen-panel"
        },
        "name": "Genomics Panel",
        "groupingId": "observation-profile-spreadsheet.xml"
      },
      {
        "extension": [
          {
            "url": "http://hl7.org/fhir/StructureDefinition/implementationguide-page",
            "valueUri": "obs-overall.html"
          }
        ],
        "reference": {
          "reference": "StructureDefinition/obs-overall"
        },
        "name": "Genomic analysis overall interpretation",
        "groupingId": "observation-profile-spreadsheet.xml"
      },
      {
        "extension": [
          {
            "url": "http://hl7.org/fhir/StructureDefinition/implementationguide-page",
            "valueUri": "obs-deletion-dup.html"
          }
        ],
        "reference": {
          "reference": "StructureDefinition/obs-deletion-dup"
        },
        "name": "Deletion-duplication overall interpretation",
        "groupingId": "observation-profile-spreadsheet.xml"
      },
      {
        "extension": [
          {
            "url": "http://hl7.org/fhir/StructureDefinition/implementationguide-page",
            "valueUri": "obs-comp-gen-finding.html"
          }
        ],
        "reference": {
          "reference": "StructureDefinition/obs-comp-gen-finding"
        },
        "name": "Computable Genetic Finding",
        "groupingId": "observation-profile-spreadsheet.xml"
      },
      {
        "extension": [
          {
            "url": "http://hl7.org/fhir/StructureDefinition/implementationguide-page",
            "valueUri": "obs-genotype.html"
          }
        ],
        "reference": {
          "reference": "StructureDefinition/obs-genotype"
        },
        "name": "Genotype",
        "groupingId": "observation-profile-spreadsheet.xml"
      },
      {
        "extension": [
          {
            "url": "http://hl7.org/fhir/StructureDefinition/implementationguide-page",
            "valueUri": "obs-haplotype.html"
          }
        ],
        "reference": {
          "reference": "StructureDefinition/obs-haplotype"
        },
        "name": "Haplotype",
        "groupingId": "observation-profile-spreadsheet.xml"
      },
      {
        "extension": [
          {
            "url": "http://hl7.org/fhir/StructureDefinition/implementationguide-page",
            "valueUri": "obs-complex-variant.html"
          }
        ],
        "reference": {
          "reference": "StructureDefinition/obs-complex-variant"
        },
        "name": "Complex variation",
        "groupingId": "observation-profile-spreadsheet.xml"
      },
      {
        "extension": [
          {
            "url": "http://hl7.org/fhir/StructureDefinition/implementationguide-page",
            "valueUri": "obs-described-variant.html"
          }
        ],
        "reference": {
          "reference": "StructureDefinition/obs-described-variant"
        },
        "name": "Described Variant",
        "groupingId": "observation-profile-spreadsheet.xml"
      },
      {
        "extension": [
          {
            "url": "http://hl7.org/fhir/StructureDefinition/implementationguide-page",
            "valueUri": "obs-cytogenetic-nomenclature.html"
          }
        ],
        "reference": {
          "reference": "StructureDefinition/obs-cytogenetic-nomenclature"
        },
        "name": "Cytogenetic Nomenclature",
        "groupingId": "observation-profile-spreadsheet.xml"
      },
      {
        "extension": [
          {
            "url": "http://hl7.org/fhir/StructureDefinition/implementationguide-page",
            "valueUri": "obs-sequence-phase-reltn.html"
          }
        ],
        "reference": {
          "reference": "StructureDefinition/obs-sequence-phase-reltn"
        },
        "name": "Sequence Phase Relationship",
        "groupingId": "observation-profile-spreadsheet.xml"
      },
      {
        "extension": [
          {
            "url": "http://hl7.org/fhir/StructureDefinition/implementationguide-page",
            "valueUri": "obs-impact.html"
          }
        ],
        "reference": {
          "reference": "StructureDefinition/obs-impact"
        },
        "name": "Genomic Impact",
        "groupingId": "observation-profile-spreadsheet.xml"
      },
      {
        "extension": [
          {
            "url": "http://hl7.org/fhir/StructureDefinition/implementationguide-page",
            "valueUri": "obs-inh-dis-path.html"
          }
        ],
        "reference": {
          "reference": "StructureDefinition/obs-inh-dis-path"
        },
        "name": "Inherited Disease Pathogenicity",
        "groupingId": "observation-profile-spreadsheet.xml"
      },
      {
        "extension": [
          {
            "url": "http://hl7.org/fhir/StructureDefinition/implementationguide-page",
            "valueUri": "obs-med-impact.html"
          }
        ],
        "reference": {
          "reference": "StructureDefinition/obs-med-impact"
        },
        "name": "Medication Impact",
        "groupingId": "observation-profile-spreadsheet.xml"
      },
      {
        "extension": [
          {
            "url": "http://hl7.org/fhir/StructureDefinition/implementationguide-page",
            "valueUri": "obs-metabolism.html"
          }
        ],
        "reference": {
          "reference": "StructureDefinition/obs-metabolism"
        },
        "name": "Medication Metabolism Impact",
        "groupingId": "observation-profile-spreadsheet.xml"
      },
      {
        "extension": [
          {
            "url": "http://hl7.org/fhir/StructureDefinition/implementationguide-page",
            "valueUri": "obs-transporter.html"
          }
        ],
        "reference": {
          "reference": "StructureDefinition/obs-transporter"
        },
        "name": "Medication Transporter Impact",
        "groupingId": "observation-profile-spreadsheet.xml"
      },
      {
        "extension": [
          {
            "url": "http://hl7.org/fhir/StructureDefinition/implementationguide-page",
            "valueUri": "obs-efficacy.html"
          }
        ],
        "reference": {
          "reference": "StructureDefinition/obs-efficacy"
        },
        "name": "Medication Efficacy Impact",
        "groupingId": "observation-profile-spreadsheet.xml"
      },
      {
        "extension": [
          {
            "url": "http://hl7.org/fhir/StructureDefinition/implementationguide-page",
            "valueUri": "obs-high-risk.html"
          }
        ],
        "reference": {
          "reference": "StructureDefinition/obs-high-risk"
        },
        "name": "High Risk Allele",
        "groupingId": "observation-profile-spreadsheet.xml"
      },
      {
        "extension": [
          {
            "url": "http://hl7.org/fhir/StructureDefinition/implementationguide-page",
            "valueUri": "obs-som-impact.html"
          }
        ],
        "reference": {
          "reference": "StructureDefinition/obs-som-impact"
        },
        "name": "Somatic Impact",
        "groupingId": "observation-profile-spreadsheet.xml"
      },
      {
        "extension": [
          {
            "url": "http://hl7.org/fhir/StructureDefinition/implementationguide-page",
            "valueUri": "obs-som-diagnostic.html"
          }
        ],
        "reference": {
          "reference": "StructureDefinition/obs-som-diagnostic"
        },
        "name": "Somatic Diagnostic Impact",
        "groupingId": "observation-profile-spreadsheet.xml"
      },
      {
        "extension": [
          {
            "url": "http://hl7.org/fhir/StructureDefinition/implementationguide-page",
            "valueUri": "obs-som-prognostic.html"
          }
        ],
        "reference": {
          "reference": "StructureDefinition/obs-som-prognostic"
        },
        "name": "Somatic Prognostic Impact",
        "groupingId": "observation-profile-spreadsheet.xml"
      },
      {
        "extension": [
          {
            "url": "http://hl7.org/fhir/StructureDefinition/implementationguide-page",
            "valueUri": "obs-som-predictive.html"
          }
        ],
        "reference": {
          "reference": "StructureDefinition/obs-som-predictive"
        },
        "name": "Somatic Predictive Impact",
        "groupingId": "observation-profile-spreadsheet.xml"
      },
      {
        "extension": [
          {
            "url": "http://hl7.org/fhir/StructureDefinition/implementationguide-page",
            "valueUri": "obs-copy-num-chg.html"
          }
        ],
        "reference": {
          "reference": "StructureDefinition/obs-copy-num-chg"
        },
        "name": "Copy Number Change",
        "groupingId": "observation-profile-spreadsheet.xml"
      },
      {
        "extension": [
          {
            "url": "http://hl7.org/fhir/StructureDefinition/implementationguide-page",
            "valueUri": "obs-region-studied.html"
          }
        ],
        "reference": {
          "reference": "StructureDefinition/obs-region-studied"
        },
        "name": "Region Studied",
        "groupingId": "observation-profile-spreadsheet.xml"
      },
      {
        "extension": [
          {
            "url": "http://hl7.org/fhir/StructureDefinition/implementationguide-page",
            "valueUri": "servicerequest.html"
          }
        ],
        "reference": {
          "reference": "StructureDefinition/servicerequest"
        },
        "name": "ServiceRequest",
        "groupingId": "servicerequest-profile-spreadsheet.xml"
      },
      {
        "extension": [
          {
            "url": "http://hl7.org/fhir/StructureDefinition/implementationguide-page",
            "valueUri": "specimen.html"
          }
        ],
        "reference": {
          "reference": "StructureDefinition/specimen"
        },
        "name": "Specimen",
        "groupingId": "specimen-profile-spreadsheet.xml"
      },
      {
        "extension": [
          {
            "url": "http://hl7.org/fhir/StructureDefinition/implementationguide-page",
            "valueUri": "task-med-chg.html"
          }
        ],
        "reference": {
          "reference": "StructureDefinition/task-med-chg"
        },
        "name": "TaskMedChg",
        "groupingId": "task-profile-spreadsheet.xml"
      },
      {
        "extension": [
          {
            "url": "http://hl7.org/fhir/StructureDefinition/implementationguide-page",
            "valueUri": "task-rec-followup.html"
          }
        ],
        "reference": {
          "reference": "StructureDefinition/task-rec-followup"
        },
        "name": "TaskRecFollowup",
        "groupingId": "task-profile-spreadsheet.xml"
      }
    ],
    "page": {
      "nameUrl": "toc.html",
      "title": "Table of Contents",
      "generation": "html",
      "page": [
        {
          "nameUrl": "index.html",
          "title": "IG Home Page",
          "generation": "html",
          "page": [
            {
              "nameUrl": "background.html",
              "title": "Genomics Background",
              "generation": "html"
            },
            {
              "nameUrl": "general.html",
              "title": "General Genomic Reporting",
              "generation": "html"
            },
            {
              "nameUrl": "sequencing.html",
              "title": "Variant Reporting",
              "generation": "html"
            },
            {
              "nameUrl": "cytogenomics.html",
              "title": "Cytogenomic Reporting",
              "generation": "html"
            },
            {
              "nameUrl": "pharmacogenomics.html",
              "title": "Pharmacogenomic Reporting",
              "generation": "html"
            },
            {
              "nameUrl": "somatics.html",
              "title": "Somatic Reporting",
              "generation": "html"
            },
            {
              "nameUrl": "histocompatibility.html",
              "title": "Histocompatibility and Immunogenetics Reporting",
              "generation": "html"
            },
            {
              "nameUrl": "conversion.html",
              "title": "Conversion from STU3",
              "generation": "html"
            },
            {
              "nameUrl": "v2.html",
              "title": "Appendix A: Relation to v2 reporting",
              "generation": "html"
            },
            {
              "nameUrl": "cgapps.html",
              "title": "Appendix B: Clinical Genomic Apps",
              "generation": "html"
            },
            {
              "nameUrl": "domain.html",
              "title": "Appendix C: Querying Genomics Information",
              "generation": "html"
            }
          ]
        },
        {
          "nameUrl": "artifacts.html",
          "title": "Artifact List",
          "generation": "html",
          "page": [
            {
              "nameUrl": "obs-base.html",
              "title": "Genetic Observation Common Properties",
              "generation": "generated"
            },
            {
              "nameUrl": "diagnosticreport.html",
              "title": "Genomics Report",
              "generation": "generated"
            },
            {
              "nameUrl": "specimen.html",
              "title": "Specimen",
              "generation": "generated"
            },
            {
              "nameUrl": "task-rec-followup.html",
              "title": "Recomended Followup",
              "generation": "generated"
            },
            {
              "nameUrl": "servicerequest.html",
              "title": "Request for Genetics Test",
              "generation": "generated"
            },
            {
              "nameUrl": "obs-gen-panel.html",
              "title": "Genomics Panel",
              "generation": "generated"
            },
            {
              "nameUrl": "obs-overall.html",
              "title": "Genomic analysis overall interpretation",
              "generation": "generated"
            },
            {
              "nameUrl": "obs-deletion-dup.html",
              "title": "Deletion-duplication overall interpretation",
              "generation": "generated"
            },
            {
              "nameUrl": "obs-comp-gen-finding.html",
              "title": "Computable Genetic Finding",
              "generation": "generated"
            },
            {
              "nameUrl": "obs-haplotype.html",
              "title": "Haplotype",
              "generation": "generated"
            },
            {
              "nameUrl": "obs-genotype.html",
              "title": "Genotype",
              "generation": "generated"
            },
            {
              "nameUrl": "obs-cytogenetic-nomenclature.html",
              "title": "Cytogenetic Nomenclature",
              "generation": "generated"
            },
            {
              "nameUrl": "obs-complex-variant.html",
              "title": "Complex Variant",
              "generation": "generated"
            },
            {
              "nameUrl": "obs-described-variant.html",
              "title": "Described Variant",
              "generation": "generated"
            },
            {
              "nameUrl": "obs-sequence-phase-reltn.html",
              "title": "Sequence Phase Relationship",
              "generation": "generated"
            },
            {
              "nameUrl": "obs-impact.html",
              "title": "Genetic Impact",
              "generation": "generated"
            },
            {
              "nameUrl": "obs-inh-dis-path.html",
              "title": "Inherited Disease Pathogenicity",
              "generation": "generated"
            },
            {
              "nameUrl": "obs-region-studied.html",
              "title": "Region Studied",
              "generation": "generated"
            },
            {
              "nameUrl": "obs-copy-num-chg.html",
              "title": "Copy Number Change",
              "generation": "generated"
            },
            {
              "nameUrl": "device-micro-plat.html",
              "title": "Device Microarray Platform",
              "generation": "generated"
            },
            {
              "nameUrl": "device-fish-probe.html",
              "title": "Device FISH Probe",
              "generation": "generated"
            },
            {
              "nameUrl": "obs-med-impact.html",
              "title": "Medication Impact",
              "generation": "generated"
            },
            {
              "nameUrl": "obs-metabolism.html",
              "title": "Medication Metabolism Impact",
              "generation": "generated"
            },
            {
              "nameUrl": "obs-transporter.html",
              "title": "Medication Transporter Impact",
              "generation": "generated"
            },
            {
              "nameUrl": "obs-efficacy.html",
              "title": "Medication Efficacy Impact",
              "generation": "generated"
            },
            {
              "nameUrl": "obs-high-risk.html",
              "title": "High Risk Allele",
              "generation": "generated"
            },
            {
              "nameUrl": "task-med-chg.html",
              "title": "Medication Usage Implication",
              "generation": "generated"
            },
            {
              "nameUrl": "medicationstatement.html",
              "title": "Current Medication",
              "generation": "generated"
            },
            {
              "nameUrl": "obs-som-impact.html",
              "title": "Somatic Impact",
              "generation": "generated"
            },
            {
              "nameUrl": "obs-som-diagnostic.html",
              "title": "Somatic Diagnostic Impact",
              "generation": "generated"
            },
            {
              "nameUrl": "obs-som-prognostic.html",
              "title": "Somatic Prognostic Impact",
              "generation": "generated"
            },
            {
              "nameUrl": "obs-som-predictive.html",
              "title": "Somatic Predictive Impact",
              "generation": "generated"
            },
            {
              "nameUrl": "extension-dr-relatedArtifact.html",
              "title": "Related Artifact",
              "generation": "generated"
            },
            {
              "nameUrl": "extension-dr-recommendedAction.html",
              "title": "Recommended Action - DiagnosticReport",
              "generation": "generated"
            },
            {
              "nameUrl": "extension-dr-supportingInfo.html",
              "title": "Supporting Information",
              "generation": "generated"
            },
            {
              "nameUrl": "extension-obs-focus.html",
              "title": "Focus",
              "generation": "generated"
            },
            {
              "nameUrl": "extension-obs-recommendedAction.html",
              "title": "Recommended Action - Observation",
              "generation": "generated"
            },
            {
              "nameUrl": "diagnosticreport-cgexample.html",
              "title": "Example - Genomics Reporting",
              "generation": "generated"
            },
            {
              "nameUrl": "diagnosticreport-pgxexample.html",
              "title": "Example - Pharmacogenomics",
              "generation": "generated"
            },
            {
              "nameUrl": "CG-IG-HLA-FullBundle-01.html",
              "title": "Example - Full Bundle HLA genotyping for HLA-A, HLA-B, and HLA-C, using GLStrings",
              "generation": "generated"
            },
            {
              "nameUrl": "diagnosticreport-hla-glstring-r4.html",
              "title": "Example - HLA genotyping for HLA-A, HLA-B, and HLA-C, using GLStrings",
              "generation": "generated"
            },
            {
              "nameUrl": "obs-genotype-hla-a-glstring-r4.html",
              "title": "Example - HLA genotyping for HLA-A, using GLStrings",
              "generation": "generated"
            },
            {
              "nameUrl": "obs-haplotype-hla-a-1-r4.html",
              "title": "Example - Observation for a single HLA-A allele",
              "generation": "generated"
            },
            {
              "nameUrl": "specimen-hla-r4.html",
              "title": "Example - Buccal swab for HLA typing",
              "generation": "generated"
            },
            {
              "nameUrl": "servicerequest-hla-a-r4.html",
              "title": "Example - Service request for high-resolution HLA-A genotyping",
              "generation": "generated"
            }
          ]
        },
        {
          "nameUrl": "usecases.html",
          "title": "HL7 Domain Analysis Use Cases",
          "generation": "html"
        }
      ]
    }
  }
}