{"resourceType":"StructureDefinition","id":"device-micro-plat","text":{"status":"generated","div":"<div xmlns=\"http://www.w3.org/1999/xhtml\"><table border=\"0\" cellpadding=\"0\" cellspacing=\"0\" style=\"border: 0px #F0F0F0 solid; font-size: 11px; font-family: verdana; vertical-align: top;\"><tr style=\"border: 1px #F0F0F0 solid; font-size: 11px; font-family: verdana; vertical-align: top;\"><th style=\"vertical-align: top; text-align : left; background-color: white; border: 0px #F0F0F0 solid; padding:0px 4px 0px 4px\" class=\"hierarchy\"><a href=\"http://build.fhir.org/formats.html#table\" title=\"The logical name of the element\">Name</a></th><th style=\"vertical-align: top; text-align : left; background-color: white; border: 0px #F0F0F0 solid; padding:0px 4px 0px 4px\" class=\"hierarchy\"><a href=\"http://build.fhir.org/formats.html#table\" title=\"Information about the use of the element\">Flags</a></th><th style=\"vertical-align: top; text-align : left; background-color: white; border: 0px #F0F0F0 solid; padding:0px 4px 0px 4px\" class=\"hierarchy\"><a href=\"http://build.fhir.org/formats.html#table\" title=\"Minimum and Maximum # of times the the element can appear in the instance\">Card.</a></th><th style=\"width: 100px\" class=\"hierarchy\"><a href=\"http://build.fhir.org/formats.html#table\" title=\"Reference to the type of the element\">Type</a></th><th style=\"vertical-align: top; text-align : left; background-color: white; border: 0px #F0F0F0 solid; padding:0px 4px 0px 4px\" class=\"hierarchy\"><a href=\"http://build.fhir.org/formats.html#table\" title=\"Additional information about the element\">Description &amp; Constraints</a><span style=\"float: right\"><a href=\"http://build.fhir.org/formats.html#table\" title=\"Legend for this format\"><img src=\"http://build.fhir.org/help16.png\" alt=\"doco\" style=\"background-color: inherit\"/></a></span></th></tr><tr style=\"border: 0px #F0F0F0 solid; padding:0px; vertical-align: top; background-color: white;\"><td style=\"vertical-align: top; text-align : left; background-color: white; border: 0px #F0F0F0 solid; padding:0px 4px 0px 4px; white-space: nowrap; background-image: url(tbl_bck1.png)\" class=\"hierarchy\"><img src=\"tbl_spacer.png\" alt=\".\" style=\"background-color: inherit\" class=\"hierarchy\"/><img src=\"icon_element.gif\" alt=\".\" style=\"background-color: white; background-color: inherit\" title=\"Element\" class=\"hierarchy\"/> <a href=\"{{[id]}}-definitions.html#Device\" title=\"Information about a micro-array platform used as part of copy number change testing.\">Device</a><a name=\"Device\"> </a></td><td style=\"vertical-align: top; text-align : left; background-color: white; border: 0px #F0F0F0 solid; padding:0px 4px 0px 4px\" class=\"hierarchy\"/><td style=\"vertical-align: top; text-align : left; background-color: white; border: 0px #F0F0F0 solid; padding:0px 4px 0px 4px\" class=\"hierarchy\"><span style=\"opacity: 0.4\">0</span><span style=\"opacity: 0.5\">..</span><span style=\"opacity: 0.4\">*</span></td><td style=\"vertical-align: top; text-align : left; background-color: white; border: 0px #F0F0F0 solid; padding:0px 4px 0px 4px\" class=\"hierarchy\"/><td style=\"vertical-align: top; text-align : left; background-color: white; border: 0px #F0F0F0 solid; padding:0px 4px 0px 4px\" class=\"hierarchy\">DeviceMicroPlat</td></tr>\r\n<tr style=\"border: 0px #F0F0F0 solid; padding:0px; vertical-align: top; background-color: white;\"><td style=\"vertical-align: top; text-align : left; background-color: white; border: 0px #F0F0F0 solid; padding:0px 4px 0px 4px; white-space: nowrap; background-image: url(tbl_bck10.png)\" class=\"hierarchy\"><img src=\"tbl_spacer.png\" alt=\".\" style=\"background-color: inherit\" class=\"hierarchy\"/><img src=\"tbl_vjoin.png\" alt=\".\" style=\"background-color: inherit\" class=\"hierarchy\"/><img src=\"icon_primitive.png\" alt=\".\" style=\"background-color: white; background-color: inherit\" title=\"Primitive Data Type\" class=\"hierarchy\"/> <a href=\"{{[id]}}-definitions.html#Device.modelNumber\">modelNumber</a><a name=\"Device.modelNumber\"> </a></td><td style=\"vertical-align: top; text-align : left; background-color: white; border: 0px #F0F0F0 solid; padding:0px 4px 0px 4px\" class=\"hierarchy\"><span style=\"padding-left: 3px; padding-right: 3px; color: white; background-color: red\" title=\"This element must be supported\">S</span></td><td style=\"vertical-align: top; text-align : left; background-color: white; border: 0px #F0F0F0 solid; padding:0px 4px 0px 4px\" class=\"hierarchy\"><span style=\"opacity: 0.4\">0</span><span style=\"opacity: 0.5\">..</span><span style=\"opacity: 0.4\">1</span></td><td style=\"vertical-align: top; text-align : left; background-color: white; border: 0px #F0F0F0 solid; padding:0px 4px 0px 4px\" class=\"hierarchy\"><a style=\"opacity: 0.4\" href=\"http://build.fhir.org/datatypes.html#string\">string</a></td><td style=\"vertical-align: top; text-align : left; background-color: white; border: 0px #F0F0F0 solid; padding:0px 4px 0px 4px\" class=\"hierarchy\">Microarray platform</td></tr>\r\n<tr style=\"border: 0px #F0F0F0 solid; padding:0px; vertical-align: top; background-color: white;\"><td style=\"vertical-align: top; text-align : left; background-color: white; border: 0px #F0F0F0 solid; padding:0px 4px 0px 4px; white-space: nowrap; background-image: url(tbl_bck11.png)\" class=\"hierarchy\"><img src=\"tbl_spacer.png\" alt=\".\" style=\"background-color: inherit\" class=\"hierarchy\"/><img src=\"tbl_vjoin.png\" alt=\".\" style=\"background-color: inherit\" class=\"hierarchy\"/><img src=\"icon_element.gif\" alt=\".\" style=\"background-color: white; background-color: inherit\" title=\"Element\" class=\"hierarchy\"/> <a href=\"{{[id]}}-definitions.html#Device.type\">type</a><a name=\"Device.type\"> </a></td><td style=\"vertical-align: top; text-align : left; background-color: white; border: 0px #F0F0F0 solid; padding:0px 4px 0px 4px\" class=\"hierarchy\"><span style=\"padding-left: 3px; padding-right: 3px; color: white; background-color: red\" title=\"This element must be supported\">S</span></td><td style=\"vertical-align: top; text-align : left; background-color: white; border: 0px #F0F0F0 solid; padding:0px 4px 0px 4px\" class=\"hierarchy\"><span style=\"opacity: 0.4\">0</span><span style=\"opacity: 0.5\">..</span><span style=\"opacity: 0.4\">1</span></td><td style=\"vertical-align: top; text-align : left; background-color: white; border: 0px #F0F0F0 solid; padding:0px 4px 0px 4px\" class=\"hierarchy\"><a style=\"opacity: 0.4\" href=\"http://build.fhir.org/datatypes.html#CodeableConcept\">CodeableConcept</a></td><td style=\"vertical-align: top; text-align : left; background-color: white; border: 0px #F0F0F0 solid; padding:0px 4px 0px 4px\" class=\"hierarchy\"><span style=\"font-weight:bold\">Binding: </span><a href=\"http://build.fhir.org/terminologies.html#unbound\">(unbound)</a> (<a href=\"http://build.fhir.org/terminologies.html#example\" title=\"Instances are not expected or even encouraged to draw from the specified value set.  The value set merely provides examples of the types of concepts intended to be included.\">example</a>)</td></tr>\r\n<tr style=\"border: 0px #F0F0F0 solid; padding:0px; vertical-align: top; background-color: white;\"><td style=\"vertical-align: top; text-align : left; background-color: white; border: 0px #F0F0F0 solid; padding:0px 4px 0px 4px; white-space: nowrap; background-image: url(tbl_bck100.png)\" class=\"hierarchy\"><img src=\"tbl_spacer.png\" alt=\".\" style=\"background-color: inherit\" class=\"hierarchy\"/><img src=\"tbl_vline.png\" alt=\".\" style=\"background-color: inherit\" class=\"hierarchy\"/><img src=\"tbl_vjoin_end.png\" alt=\".\" style=\"background-color: inherit\" class=\"hierarchy\"/><img src=\"icon_primitive.png\" alt=\".\" style=\"background-color: white; background-color: inherit\" title=\"Primitive Data Type\" class=\"hierarchy\"/> <a href=\"{{[id]}}-definitions.html#Device.type.text\">text</a><a name=\"Device.type.text\"> </a></td><td style=\"vertical-align: top; text-align : left; background-color: white; border: 0px #F0F0F0 solid; padding:0px 4px 0px 4px\" class=\"hierarchy\"/><td style=\"vertical-align: top; text-align : left; background-color: white; border: 0px #F0F0F0 solid; padding:0px 4px 0px 4px\" class=\"hierarchy\">1..1</td><td style=\"vertical-align: top; text-align : left; background-color: white; border: 0px #F0F0F0 solid; padding:0px 4px 0px 4px\" class=\"hierarchy\"><a style=\"opacity: 0.4\" href=\"http://build.fhir.org/datatypes.html#string\">string</a></td><td style=\"vertical-align: top; text-align : left; background-color: white; border: 0px #F0F0F0 solid; padding:0px 4px 0px 4px\" class=\"hierarchy\"/></tr>\r\n<tr style=\"border: 0px #F0F0F0 solid; padding:0px; vertical-align: top; background-color: white;\"><td style=\"vertical-align: top; text-align : left; background-color: white; border: 0px #F0F0F0 solid; padding:0px 4px 0px 4px; white-space: nowrap; background-image: url(tbl_bck01.png)\" class=\"hierarchy\"><img src=\"tbl_spacer.png\" alt=\".\" style=\"background-color: inherit\" class=\"hierarchy\"/><img src=\"tbl_vjoin_end.png\" alt=\".\" style=\"background-color: inherit\" class=\"hierarchy\"/><img src=\"icon_element.gif\" alt=\".\" style=\"background-color: white; background-color: inherit\" title=\"Element\" class=\"hierarchy\"/> <a href=\"{{[id]}}-definitions.html#Device.version\">version</a><a name=\"Device.version\"> </a></td><td style=\"vertical-align: top; text-align : left; background-color: white; border: 0px #F0F0F0 solid; padding:0px 4px 0px 4px\" class=\"hierarchy\"><span style=\"padding-left: 3px; padding-right: 3px; color: white; background-color: red\" title=\"This element must be supported\">S</span></td><td style=\"vertical-align: top; text-align : left; background-color: white; border: 0px #F0F0F0 solid; padding:0px 4px 0px 4px\" class=\"hierarchy\"><span style=\"opacity: 0.4\">0</span>..<span style=\"opacity: 0.4\">1</span></td><td style=\"vertical-align: top; text-align : left; background-color: white; border: 0px #F0F0F0 solid; padding:0px 4px 0px 4px\" class=\"hierarchy\"><a style=\"opacity: 0.4\" href=\"http://build.fhir.org/datatypes.html#BackboneElement\">BackboneElement</a></td><td style=\"vertical-align: top; text-align : left; background-color: white; border: 0px #F0F0F0 solid; padding:0px 4px 0px 4px\" class=\"hierarchy\"/></tr>\r\n<tr style=\"border: 0px #F0F0F0 solid; padding:0px; vertical-align: top; background-color: white;\"><td style=\"vertical-align: top; text-align : left; background-color: white; border: 0px #F0F0F0 solid; padding:0px 4px 0px 4px; white-space: nowrap; background-image: url(tbl_bck000.png)\" class=\"hierarchy\"><img src=\"tbl_spacer.png\" alt=\".\" style=\"background-color: inherit\" class=\"hierarchy\"/><img src=\"tbl_blank.png\" alt=\".\" style=\"background-color: inherit\" class=\"hierarchy\"/><img src=\"tbl_vjoin_end.png\" alt=\".\" style=\"background-color: inherit\" class=\"hierarchy\"/><img src=\"icon_primitive.png\" alt=\".\" style=\"background-color: white; background-color: inherit\" title=\"Primitive Data Type\" class=\"hierarchy\"/> <a href=\"{{[id]}}-definitions.html#Device.version.value\">value</a><a name=\"Device.version.value\"> </a></td><td style=\"vertical-align: top; text-align : left; background-color: white; border: 0px #F0F0F0 solid; padding:0px 4px 0px 4px\" class=\"hierarchy\"><span style=\"padding-left: 3px; padding-right: 3px; color: white; background-color: red\" title=\"This element must be supported\">S</span></td><td style=\"vertical-align: top; text-align : left; background-color: white; border: 0px #F0F0F0 solid; padding:0px 4px 0px 4px\" class=\"hierarchy\"><span style=\"opacity: 0.4\">1</span><span style=\"opacity: 0.5\">..</span><span style=\"opacity: 0.4\">1</span></td><td style=\"vertical-align: top; text-align : left; background-color: white; border: 0px #F0F0F0 solid; padding:0px 4px 0px 4px\" class=\"hierarchy\"><a style=\"opacity: 0.4\" href=\"http://build.fhir.org/datatypes.html#string\">string</a></td><td style=\"vertical-align: top; text-align : left; background-color: white; border: 0px #F0F0F0 solid; padding:0px 4px 0px 4px\" class=\"hierarchy\">Microarray platform version number</td></tr>\r\n<tr><td colspan=\"5\" class=\"hierarchy\"><br/><a href=\"http://build.fhir.org/formats.html#table\" title=\"Legend for this format\"><img src=\"http://build.fhir.org/help16.png\" alt=\"doco\" style=\"background-color: inherit\"/> Documentation for this format</a></td></tr></table></div>"},"url":"http://hl7.org/fhir/uv/genomics-reporting/StructureDefinition/device-micro-plat","version":"0.3","name":"DeviceMicroPlat","status":"draft","date":"2017-05-20","publisher":"National Library of Medicine","description":"Device","fhirVersion":"4.0.0","mapping":[{"identity":"rim","uri":"http://hl7.org/v3","name":"RIM Mapping"},{"identity":"w5","uri":"http://hl7.org/fhir/fivews","name":"FiveWs Pattern Mapping"},{"identity":"udi","uri":"http://fda.gov/UDI","name":"UDI Mapping"}],"kind":"resource","abstract":false,"type":"Device","baseDefinition":"http://hl7.org/fhir/StructureDefinition/Device","derivation":"constraint","snapshot":{"element":[{"id":"Device","path":"Device","short":"DeviceMicroPlat","definition":"Information about a micro-array platform used as part of copy number change testing.","min":0,"max":"*","base":{"path":"Device","min":0,"max":"*"},"constraint":[{"key":"dom-2","severity":"error","human":"If the resource is contained in another resource, it SHALL NOT contain nested Resources","expression":"contained.contained.empty()","xpath":"not(parent::f:contained and f:contained)","source":"DomainResource"},{"key":"dom-4","severity":"error","human":"If a resource is contained in another resource, it SHALL NOT have a meta.versionId or a meta.lastUpdated","expression":"contained.meta.versionId.empty() and contained.meta.lastUpdated.empty()","xpath":"not(exists(f:contained/*/f:meta/f:versionId)) and not(exists(f:contained/*/f:meta/f:lastUpdated))","source":"DomainResource"},{"key":"dom-3","severity":"error","human":"If the resource is contained in another resource, it SHALL be referred to from elsewhere in the resource or SHALL refer to the containing resource","expression":"contained.where((('#'+id in (%resource.descendants().reference | %resource.descendants().as(canonical) | %resource.descendants().as(uri) | %resource.descendants().as(url))) or descendants().where(reference = '#').exists() or descendants().where(as(canonical) = '#').exists() or descendants().where(as(canonical) = '#').exists()).not()).trace('unmatched', id).empty()","xpath":"not(exists(for $contained in f:contained return $contained[not(parent::*/descendant::f:reference/@value=concat('#', $contained/*/id/@value) or descendant::f:reference[@value='#'])]))","source":"DomainResource"},{"extension":[{"url":"http://hl7.org/fhir/StructureDefinition/elementdefinition-bestpractice","valueBoolean":true},{"url":"http://hl7.org/fhir/StructureDefinition/elementdefinition-bestpractice-explanation","valueMarkdown":"When a resource has no narrative, only systems that fully understand the data can display the resource to a human safely. Including a human readable representation in the resource makes for a much more robust eco-system and cheaper handling of resources by intermediary systems. Some ecosystems restrict distribution of resources to only those systems that do fully understand the resources, and as a consequence implementers may believe that the narrative is superfluous. However experience shows that such eco-systems often open up to new participants over time."}],"key":"dom-6","severity":"warning","human":"A resource should have narrative for robust management","expression":"text.div.exists()","xpath":"exists(f:text/h:div)","source":"DomainResource"},{"key":"dom-5","severity":"error","human":"If a resource is contained in another resource, it SHALL NOT have a security label","expression":"contained.meta.security.empty()","xpath":"not(exists(f:contained/*/f:meta/f:security))","source":"DomainResource"}],"mustSupport":false,"isModifier":false,"isSummary":false,"mapping":[{"identity":"rim","map":"Entity. Role, or Act"},{"identity":"rim","map":"Device"}]},{"id":"Device.id","path":"Device.id","short":"Logical id of this artifact","definition":"The logical id of the resource, as used in the URL for the resource. Once assigned, this value never changes.","comment":"The only time that a resource does not have an id is when it is being submitted to the server using a create operation.","min":0,"max":"1","base":{"path":"Resource.id","min":0,"max":"1"},"type":[{"code":"id"}],"isModifier":false,"isSummary":true},{"id":"Device.meta","path":"Device.meta","short":"Metadata about the resource","definition":"The metadata about the resource. This is content that is maintained by the infrastructure. Changes to the content might not always be associated with version changes to the resource.","min":0,"max":"1","base":{"path":"Resource.meta","min":0,"max":"1"},"type":[{"code":"Meta"}],"isModifier":false,"isSummary":true},{"id":"Device.implicitRules","path":"Device.implicitRules","short":"A set of rules under which this content was created","definition":"A reference to a set of rules that were followed when the resource was constructed, and which must be understood when processing the content. Often, this is a reference to an implementation guide that defines the special rules along with other profiles etc.","comment":"Asserting this rule set restricts the content to be only understood by a limited set of trading partners. This inherently limits the usefulness of the data in the long term. However, the existing health eco-system is highly fractured, and not yet ready to define, collect, and exchange data in a generally computable sense. Wherever possible, implementers and/or specification writers should avoid using this element. Often, when used, the URL is a reference to an implementation guide that defines these special rules as part of it's narrative along with other profiles, value sets, etc.","min":0,"max":"1","base":{"path":"Resource.implicitRules","min":0,"max":"1"},"type":[{"code":"uri"}],"isModifier":true,"isModifierReason":"This element is labeled as a modifier because the implicit rules may provide additional knowledge about the resource that modifies it's meaning or interpretation","isSummary":true},{"id":"Device.language","path":"Device.language","short":"Language of the resource content","definition":"The base language in which the resource is written.","comment":"Language is provided to support indexing and accessibility (typically, services such as text to speech use the language tag). The html language tag in the narrative applies  to the narrative. The language tag on the resource may be used to specify the language of other presentations generated from the data in the resource. Not all the content has to be in the base language. The Resource.language should not be assumed to apply to the narrative automatically. If a language is specified, it should it also be specified on the div element in the html (see rules in HTML5 for information about the relationship between xml:lang and the html lang attribute).","min":0,"max":"1","base":{"path":"Resource.language","min":0,"max":"1"},"type":[{"code":"code"}],"isModifier":false,"isSummary":false,"binding":{"extension":[{"url":"http://hl7.org/fhir/StructureDefinition/elementdefinition-maxValueSet","valueCanonical":"http://hl7.org/fhir/ValueSet/all-languages"},{"url":"http://hl7.org/fhir/StructureDefinition/elementdefinition-bindingName","valueString":"Language"},{"url":"http://hl7.org/fhir/StructureDefinition/elementdefinition-isCommonBinding","valueBoolean":true}],"strength":"preferred","description":"A human language.","valueSet":"http://hl7.org/fhir/ValueSet/languages"}},{"id":"Device.text","path":"Device.text","short":"Text summary of the resource, for human interpretation","definition":"A human-readable narrative that contains a summary of the resource and can be used to represent the content of the resource to a human. The narrative need not encode all the structured data, but is required to contain sufficient detail to make it \"clinically safe\" for a human to just read the narrative. Resource definitions may define what content should be represented in the narrative to ensure clinical safety.","comment":"Contained resources do not have narrative. Resources that are not contained SHOULD have a narrative. In some cases, a resource may only have text with little or no additional discrete data (as long as all minOccurs=1 elements are satisfied).  This may be necessary for data from legacy systems where information is captured as a \"text blob\" or where text is additionally entered raw or narrated and encoded information is added later.","alias":["narrative","html","xhtml","display"],"min":0,"max":"1","base":{"path":"DomainResource.text","min":0,"max":"1"},"type":[{"code":"Narrative"}],"isModifier":false,"isSummary":false,"mapping":[{"identity":"rim","map":"Act.text?"}]},{"id":"Device.contained","path":"Device.contained","short":"Contained, inline Resources","definition":"These resources do not have an independent existence apart from the resource that contains them - they cannot be identified independently, and nor can they have their own independent transaction scope.","comment":"This should never be done when the content can be identified properly, as once identification is lost, it is extremely difficult (and context dependent) to restore it again. Contained resources may have profiles and tags In their meta elements, but SHALL NOT have security labels.","alias":["inline resources","anonymous resources","contained resources"],"min":0,"max":"*","base":{"path":"DomainResource.contained","min":0,"max":"*"},"type":[{"code":"Resource"}],"isModifier":false,"isSummary":false,"mapping":[{"identity":"rim","map":"N/A"}]},{"id":"Device.extension","path":"Device.extension","short":"Additional content defined by implementations","definition":"May be used to represent additional information that is not part of the basic definition of the resource. To make the use of extensions safe and manageable, there is a strict set of governance  applied to the definition and use of extensions. Though any implementer can define an extension, there is a set of requirements that SHALL be met as part of the definition of the extension.","comment":"There can be no stigma associated with the use of extensions by any application, project, or standard - regardless of the institution or jurisdiction that uses or defines the extensions.  The use of extensions is what allows the FHIR specification to retain a core level of simplicity for everyone.","alias":["extensions","user content"],"min":0,"max":"*","base":{"path":"DomainResource.extension","min":0,"max":"*"},"type":[{"code":"Extension"}],"isModifier":false,"isSummary":false,"mapping":[{"identity":"rim","map":"N/A"}]},{"id":"Device.modifierExtension","path":"Device.modifierExtension","short":"Extensions that cannot be ignored","definition":"May be used to represent additional information that is not part of the basic definition of the resource and that modifies the understanding of the element that contains it and/or the understanding of the containing element's descendants. Usually modifier elements provide negation or qualification. To make the use of extensions safe and manageable, there is a strict set of governance applied to the definition and use of extensions. Though any implementer is allowed to define an extension, there is a set of requirements that SHALL be met as part of the definition of the extension. Applications processing a resource are required to check for modifier extensions.\n\nModifier extensions SHALL NOT change the meaning of any elements on Resource or DomainResource (including cannot change the meaning of modifierExtension itself).","comment":"There can be no stigma associated with the use of extensions by any application, project, or standard - regardless of the institution or jurisdiction that uses or defines the extensions.  The use of extensions is what allows the FHIR specification to retain a core level of simplicity for everyone.","requirements":"Modifier extensions allow for extensions that *cannot* be safely ignored to be clearly distinguished from the vast majority of extensions which can be safely ignored.  This promotes interoperability by eliminating the need for implementers to prohibit the presence of extensions. For further information, see the [definition of modifier extensions](extensibility.html#modifierExtension).","alias":["extensions","user content"],"min":0,"max":"*","base":{"path":"DomainResource.modifierExtension","min":0,"max":"*"},"type":[{"code":"Extension"}],"isModifier":true,"isModifierReason":"Modifier extensions are expected to modify the meaning or interpretation of the resource that contains them","isSummary":false,"mapping":[{"identity":"rim","map":"N/A"}]},{"id":"Device.identifier","path":"Device.identifier","short":"Instance identifier","definition":"Unique instance identifiers assigned to a device by manufacturers other organizations or owners.","comment":"The barcode string from a barcode present on a device label or package may identify the instance, include names given to the device in local usage, or may identify the type of device. If the identifier identifies the type of device, Device.type element should be used.","min":0,"max":"*","base":{"path":"Device.identifier","min":0,"max":"*"},"type":[{"code":"Identifier"}],"isModifier":false,"isSummary":false,"mapping":[{"identity":"w5","map":"FiveWs.identifier"},{"identity":"rim","map":".id"},{"identity":"udi","map":"The serial number which is a component of the production identifier (PI), a conditional, variable portion of a UDI.   The identifier.type code should be set to “SNO”(Serial Number) and the system left empty."}]},{"id":"Device.definition","path":"Device.definition","short":"The reference to the definition for the device","definition":"The reference to the definition for the device.","min":0,"max":"1","base":{"path":"Device.definition","min":0,"max":"1"},"type":[{"code":"Reference","targetProfile":["http://hl7.org/fhir/StructureDefinition/DeviceDefinition"]}],"isModifier":false,"isSummary":false},{"id":"Device.udiCarrier","path":"Device.udiCarrier","short":"Unique Device Identifier (UDI) Barcode string","definition":"Unique device identifier (UDI) assigned to device label or package.  Note that the Device may include multiple udiCarriers as it either may include just the udiCarrier for the jurisdiction it is sold, or for multiple jurisdictions it could have been sold.","comment":"UDI may identify an unique instance of a device, or it may only identify the type of the device.  See [UDI mappings](device-mappings.html#udi) for a complete mapping of UDI parts to Device.","min":0,"max":"*","base":{"path":"Device.udiCarrier","min":0,"max":"*"},"type":[{"code":"BackboneElement"}],"constraint":[{"key":"ele-1","severity":"error","human":"All FHIR elements must have a @value or children","expression":"hasValue() or (children().count() > id.count())","xpath":"@value|f:*|h:div","source":"Element"}],"isModifier":false,"isSummary":true,"mapping":[{"identity":"w5","map":"FiveWs.identifier"},{"identity":"rim","map":".id and .code"}]},{"id":"Device.udiCarrier.id","path":"Device.udiCarrier.id","representation":["xmlAttr"],"short":"Unique id for inter-element referencing","definition":"Unique id for the element within a resource (for internal references). This may be any string value that does not contain spaces.","min":0,"max":"1","base":{"path":"Element.id","min":0,"max":"1"},"type":[{"code":"string"}],"isModifier":false,"isSummary":false,"mapping":[{"identity":"rim","map":"n/a"}]},{"id":"Device.udiCarrier.extension","path":"Device.udiCarrier.extension","short":"Additional content defined by implementations","definition":"May be used to represent additional information that is not part of the basic definition of the element. To make the use of extensions safe and manageable, there is a strict set of governance  applied to the definition and use of extensions. Though any implementer can define an extension, there is a set of requirements that SHALL be met as part of the definition of the extension.","comment":"There can be no stigma associated with the use of extensions by any application, project, or standard - regardless of the institution or jurisdiction that uses or defines the extensions.  The use of extensions is what allows the FHIR specification to retain a core level of simplicity for everyone.","alias":["extensions","user content"],"min":0,"max":"*","base":{"path":"Element.extension","min":0,"max":"*"},"type":[{"code":"Extension"}],"isModifier":false,"isSummary":false,"mapping":[{"identity":"rim","map":"n/a"}]},{"id":"Device.udiCarrier.modifierExtension","path":"Device.udiCarrier.modifierExtension","short":"Extensions that cannot be ignored even if unrecognized","definition":"May be used to represent additional information that is not part of the basic definition of the element and that modifies the understanding of the element in which it is contained and/or the understanding of the containing element's descendants. Usually modifier elements provide negation or qualification. To make the use of extensions safe and manageable, there is a strict set of governance applied to the definition and use of extensions. Though any implementer can define an extension, there is a set of requirements that SHALL be met as part of the definition of the extension. Applications processing a resource are required to check for modifier extensions.\n\nModifier extensions SHALL NOT change the meaning of any elements on Resource or DomainResource (including cannot change the meaning of modifierExtension itself).","comment":"There can be no stigma associated with the use of extensions by any application, project, or standard - regardless of the institution or jurisdiction that uses or defines the extensions.  The use of extensions is what allows the FHIR specification to retain a core level of simplicity for everyone.","requirements":"Modifier extensions allow for extensions that *cannot* be safely ignored to be clearly distinguished from the vast majority of extensions which can be safely ignored.  This promotes interoperability by eliminating the need for implementers to prohibit the presence of extensions. For further information, see the [definition of modifier extensions](extensibility.html#modifierExtension).","alias":["extensions","user content","modifiers"],"min":0,"max":"*","base":{"path":"BackboneElement.modifierExtension","min":0,"max":"*"},"type":[{"code":"Extension"}],"isModifier":true,"isModifierReason":"Modifier extensions are expected to modify the meaning or interpretation of the element that contains them","isSummary":true,"mapping":[{"identity":"rim","map":"N/A"}]},{"id":"Device.udiCarrier.deviceIdentifier","path":"Device.udiCarrier.deviceIdentifier","short":"Mandatory fixed portion of UDI","definition":"The device identifier (DI) is a mandatory, fixed portion of a UDI that identifies the labeler and the specific version or model of a device.","alias":["DI"],"min":0,"max":"1","base":{"path":"Device.udiCarrier.deviceIdentifier","min":0,"max":"1"},"type":[{"code":"string"}],"isModifier":false,"isSummary":true,"mapping":[{"identity":"w5","map":"FiveWs.what[x]"},{"identity":"rim","map":"Role.id.extension"},{"identity":"udi","map":"The device identifier (DI), a mandatory, fixed portion of a UDI that identifies the labeler and the specific version or model of a device."}]},{"id":"Device.udiCarrier.issuer","path":"Device.udiCarrier.issuer","short":"UDI Issuing Organization","definition":"Organization that is charged with issuing UDIs for devices.  For example, the US FDA issuers include :\n1) GS1: \nhttp://hl7.org/fhir/NamingSystem/gs1-di, \n2) HIBCC:\nhttp://hl7.org/fhir/NamingSystem/hibcc-dI, \n3) ICCBBA for blood containers:\nhttp://hl7.org/fhir/NamingSystem/iccbba-blood-di, \n4) ICCBA for other devices:\nhttp://hl7.org/fhir/NamingSystem/iccbba-other-di.","alias":["Barcode System"],"min":0,"max":"1","base":{"path":"Device.udiCarrier.issuer","min":0,"max":"1"},"type":[{"code":"uri"}],"isModifier":false,"isSummary":false,"mapping":[{"identity":"rim","map":"Role.id.root"},{"identity":"udi","map":"All UDIs are to be issued under a system operated by an Jurisdiction-accredited issuing agency.\nGS1 DIs: \n http://hl7.org/fhir/NamingSystem/gs1\nHIBCC DIs:\n http://hl7.org/fhir/NamingSystem/hibcc\nICCBBA DIs for blood containers:\n http://hl7.org/fhir/NamingSystem/iccbba-blood\nICCBA DIs for other devices:\n http://hl7.org/fhir/NamingSystem/iccbba-other"}]},{"id":"Device.udiCarrier.jurisdiction","path":"Device.udiCarrier.jurisdiction","short":"Regional UDI authority","definition":"The identity of the authoritative source for UDI generation within a  jurisdiction.  All UDIs are globally unique within a single namespace with the appropriate repository uri as the system.  For example,  UDIs of devices managed in the U.S. by the FDA, the value is  http://hl7.org/fhir/NamingSystem/fda-udi.","requirements":"Allows a recipient of a UDI to know which database will contain the UDI-associated metadata.","min":0,"max":"1","base":{"path":"Device.udiCarrier.jurisdiction","min":0,"max":"1"},"type":[{"code":"uri"}],"isModifier":false,"isSummary":false,"mapping":[{"identity":"rim","map":"Role.scoper"}]},{"id":"Device.udiCarrier.carrierAIDC","path":"Device.udiCarrier.carrierAIDC","short":"UDI Machine Readable Barcode String","definition":"The full UDI carrier of the Automatic Identification and Data Capture (AIDC) technology representation of the barcode string as printed on the packaging of the device - e.g., a barcode or RFID.   Because of limitations on character sets in XML and the need to round-trip JSON data through XML, AIDC Formats *SHALL* be base64 encoded.","comment":"The AIDC form of UDIs should be scanned or otherwise used for the identification of the device whenever possible to minimize errors in records resulting from manual transcriptions. If separate barcodes for DI and PI are present, concatenate the string with DI first and in order of human readable expression on label.","alias":["Automatic Identification and Data Capture"],"min":0,"max":"1","base":{"path":"Device.udiCarrier.carrierAIDC","min":0,"max":"1"},"type":[{"code":"base64Binary"}],"isModifier":false,"isSummary":true,"mapping":[{"identity":"rim","map":"Role.id.extension"},{"identity":"udi","map":"A unique device identifier (UDI) on a device label a form that uses automatic identification and data capture (AIDC) technology."}]},{"id":"Device.udiCarrier.carrierHRF","path":"Device.udiCarrier.carrierHRF","short":"UDI Human Readable Barcode String","definition":"The full UDI carrier as the human readable form (HRF) representation of the barcode string as printed on the packaging of the device.","comment":"If separate barcodes for DI and PI are present, concatenate the string with DI first and in order of human readable expression on label.","alias":["Human Readable Form"],"min":0,"max":"1","base":{"path":"Device.udiCarrier.carrierHRF","min":0,"max":"1"},"type":[{"code":"string"}],"isModifier":false,"isSummary":true,"mapping":[{"identity":"rim","map":"Role.id.extension"},{"identity":"udi","map":"A unique device identifier (UDI) on a device label in plain text"}]},{"id":"Device.udiCarrier.entryType","path":"Device.udiCarrier.entryType","short":"barcode | rfid | manual +","definition":"A coded entry to indicate how the data was entered.","requirements":"Supports a way to distinguish hand entered from machine read data.","min":0,"max":"1","base":{"path":"Device.udiCarrier.entryType","min":0,"max":"1"},"type":[{"code":"code"}],"isModifier":false,"isSummary":false,"binding":{"extension":[{"url":"http://hl7.org/fhir/StructureDefinition/elementdefinition-bindingName","valueString":"UDIEntryType"}],"strength":"required","description":"Codes to identify how UDI data was entered.","valueSet":"http://hl7.org/fhir/ValueSet/udi-entry-type|4.0.0"},"mapping":[{"identity":"rim","map":"NA"}]},{"id":"Device.status","path":"Device.status","short":"active | inactive | entered-in-error | unknown","definition":"Status of the Device availability.","comment":"This element is labeled as a modifier because the status contains the codes inactive and entered-in-error that mark the device (record)as not currently valid.","min":0,"max":"1","base":{"path":"Device.status","min":0,"max":"1"},"type":[{"code":"code"}],"isModifier":true,"isModifierReason":"This element is labelled as a modifier because it is a status element that contains status entered-in-error which means that the resource should not be treated as valid","isSummary":true,"binding":{"extension":[{"url":"http://hl7.org/fhir/StructureDefinition/elementdefinition-bindingName","valueString":"FHIRDeviceStatus"}],"strength":"required","description":"The availability status of the device.","valueSet":"http://hl7.org/fhir/ValueSet/device-status|4.0.0"},"mapping":[{"identity":"w5","map":"FiveWs.status"},{"identity":"rim","map":".statusCode"}]},{"id":"Device.statusReason","path":"Device.statusReason","short":"online | paused | standby | offline | not-ready | transduc-discon | hw-discon | off","definition":"Reason for the dtatus of the Device availability.","min":0,"max":"*","base":{"path":"Device.statusReason","min":0,"max":"*"},"type":[{"code":"CodeableConcept"}],"isModifier":false,"isSummary":false,"binding":{"extension":[{"url":"http://hl7.org/fhir/StructureDefinition/elementdefinition-bindingName","valueString":"FHIRDeviceStatusReason"}],"strength":"extensible","description":"The availability status reason of the device.","valueSet":"http://hl7.org/fhir/ValueSet/device-status-reason"},"mapping":[{"identity":"w5","map":"FiveWs.status"}]},{"id":"Device.distinctIdentifier","path":"Device.distinctIdentifier","short":"The distinct identification string","definition":"The distinct identification string as required by regulation for a human cell, tissue, or cellular and tissue-based product.","comment":"For example, this applies to devices in the United States regulated under *Code of Federal Regulation 21CFR§1271.290(c)*.","alias":["Distinct Identification Code (DIC)"],"min":0,"max":"1","base":{"path":"Device.distinctIdentifier","min":0,"max":"1"},"type":[{"code":"string"}],"isModifier":false,"isSummary":false,"mapping":[{"identity":"w5","map":"FiveWs.what[x]"},{"identity":"rim","map":".lotNumberText"},{"identity":"udi","map":"The lot or batch number within which a device was manufactured - which is a component of the production identifier (PI), a conditional, variable portion of a UDI."}]},{"id":"Device.manufacturer","path":"Device.manufacturer","short":"Name of device manufacturer","definition":"A name of the manufacturer.","min":0,"max":"1","base":{"path":"Device.manufacturer","min":0,"max":"1"},"type":[{"code":"string"}],"isModifier":false,"isSummary":false,"mapping":[{"identity":"w5","map":"FiveWs.what[x]"},{"identity":"rim","map":".playedRole[typeCode=MANU].scoper.name"},{"identity":"udi","map":"N/A"}]},{"id":"Device.manufactureDate","path":"Device.manufactureDate","short":"Date when the device was made","definition":"The date and time when the device was manufactured.","min":0,"max":"1","base":{"path":"Device.manufactureDate","min":0,"max":"1"},"type":[{"code":"dateTime"}],"isModifier":false,"isSummary":false,"mapping":[{"identity":"w5","map":"FiveWs.what[x]"},{"identity":"rim","map":".existenceTime.low"},{"identity":"udi","map":"The date a specific device was manufactured - which is a component of the production identifier (PI), a conditional, variable portion of a UDI.  For FHIR, The datetime syntax must converted to YYYY-MM-DD[THH:MM:SS].  If hour is present, the minutes and seconds should both be set to “00”."}]},{"id":"Device.expirationDate","path":"Device.expirationDate","short":"Date and time of expiry of this device (if applicable)","definition":"The date and time beyond which this device is no longer valid or should not be used (if applicable).","min":0,"max":"1","base":{"path":"Device.expirationDate","min":0,"max":"1"},"type":[{"code":"dateTime"}],"isModifier":false,"isSummary":false,"mapping":[{"identity":"w5","map":"FiveWs.what[x]"},{"identity":"rim","map":".expirationTime"},{"identity":"udi","map":"the expiration date of a specific device -  which is a component of the production identifier (PI), a conditional, variable portion of a UDI.  For FHIR, The datetime syntax must converted to YYYY-MM-DD[THH:MM:SS].  If hour is present, the minutes and seconds should both be set to “00”."}]},{"id":"Device.lotNumber","path":"Device.lotNumber","short":"Lot number of manufacture","definition":"Lot number assigned by the manufacturer.","min":0,"max":"1","base":{"path":"Device.lotNumber","min":0,"max":"1"},"type":[{"code":"string"}],"isModifier":false,"isSummary":false,"mapping":[{"identity":"w5","map":"FiveWs.what[x]"},{"identity":"rim","map":".lotNumberText"},{"identity":"udi","map":"The lot or batch number within which a device was manufactured - which is a component of the production identifier (PI), a conditional, variable portion of a UDI."}]},{"id":"Device.serialNumber","path":"Device.serialNumber","short":"Serial number assigned by the manufacturer","definition":"The serial number assigned by the organization when the device was manufactured.","comment":"Alphanumeric Maximum 20.","min":0,"max":"1","base":{"path":"Device.serialNumber","min":0,"max":"1"},"type":[{"code":"string"}],"isModifier":false,"isSummary":false,"mapping":[{"identity":"w5","map":"FiveWs.what[x]"},{"identity":"rim","map":".playedRole[typeCode=MANU].id"}]},{"id":"Device.deviceName","path":"Device.deviceName","short":"The name of the device as given by the manufacturer","definition":"This represents the manufacturer's name of the device as provided by the device, from a UDI label, or by a person describing the Device.  This typically would be used when a person provides the name(s) or when the device represents one of the names available from DeviceDefinition.","min":0,"max":"*","base":{"path":"Device.deviceName","min":0,"max":"*"},"type":[{"code":"BackboneElement"}],"constraint":[{"key":"ele-1","severity":"error","human":"All FHIR elements must have a @value or children","expression":"hasValue() or (children().count() > id.count())","xpath":"@value|f:*|h:div","source":"Element"}],"isModifier":false,"isSummary":false},{"id":"Device.deviceName.id","path":"Device.deviceName.id","representation":["xmlAttr"],"short":"Unique id for inter-element referencing","definition":"Unique id for the element within a resource (for internal references). This may be any string value that does not contain spaces.","min":0,"max":"1","base":{"path":"Element.id","min":0,"max":"1"},"type":[{"code":"string"}],"isModifier":false,"isSummary":false,"mapping":[{"identity":"rim","map":"n/a"}]},{"id":"Device.deviceName.extension","path":"Device.deviceName.extension","short":"Additional content defined by implementations","definition":"May be used to represent additional information that is not part of the basic definition of the element. To make the use of extensions safe and manageable, there is a strict set of governance  applied to the definition and use of extensions. Though any implementer can define an extension, there is a set of requirements that SHALL be met as part of the definition of the extension.","comment":"There can be no stigma associated with the use of extensions by any application, project, or standard - regardless of the institution or jurisdiction that uses or defines the extensions.  The use of extensions is what allows the FHIR specification to retain a core level of simplicity for everyone.","alias":["extensions","user content"],"min":0,"max":"*","base":{"path":"Element.extension","min":0,"max":"*"},"type":[{"code":"Extension"}],"isModifier":false,"isSummary":false,"mapping":[{"identity":"rim","map":"n/a"}]},{"id":"Device.deviceName.modifierExtension","path":"Device.deviceName.modifierExtension","short":"Extensions that cannot be ignored even if unrecognized","definition":"May be used to represent additional information that is not part of the basic definition of the element and that modifies the understanding of the element in which it is contained and/or the understanding of the containing element's descendants. Usually modifier elements provide negation or qualification. To make the use of extensions safe and manageable, there is a strict set of governance applied to the definition and use of extensions. Though any implementer can define an extension, there is a set of requirements that SHALL be met as part of the definition of the extension. Applications processing a resource are required to check for modifier extensions.\n\nModifier extensions SHALL NOT change the meaning of any elements on Resource or DomainResource (including cannot change the meaning of modifierExtension itself).","comment":"There can be no stigma associated with the use of extensions by any application, project, or standard - regardless of the institution or jurisdiction that uses or defines the extensions.  The use of extensions is what allows the FHIR specification to retain a core level of simplicity for everyone.","requirements":"Modifier extensions allow for extensions that *cannot* be safely ignored to be clearly distinguished from the vast majority of extensions which can be safely ignored.  This promotes interoperability by eliminating the need for implementers to prohibit the presence of extensions. For further information, see the [definition of modifier extensions](extensibility.html#modifierExtension).","alias":["extensions","user content","modifiers"],"min":0,"max":"*","base":{"path":"BackboneElement.modifierExtension","min":0,"max":"*"},"type":[{"code":"Extension"}],"isModifier":true,"isModifierReason":"Modifier extensions are expected to modify the meaning or interpretation of the element that contains them","isSummary":true,"mapping":[{"identity":"rim","map":"N/A"}]},{"id":"Device.deviceName.name","path":"Device.deviceName.name","short":"The name of the device","definition":"The name of the device.","alias":["Σ"],"min":1,"max":"1","base":{"path":"Device.deviceName.name","min":1,"max":"1"},"type":[{"code":"string"}],"isModifier":false,"isSummary":false},{"id":"Device.deviceName.type","path":"Device.deviceName.type","short":"udi-label-name | user-friendly-name | patient-reported-name | manufacturer-name | model-name | other","definition":"The type of deviceName.\nUDILabelName | UserFriendlyName | PatientReportedName | ManufactureDeviceName | ModelName.","min":1,"max":"1","base":{"path":"Device.deviceName.type","min":1,"max":"1"},"type":[{"code":"code"}],"isModifier":false,"isSummary":false,"binding":{"extension":[{"url":"http://hl7.org/fhir/StructureDefinition/elementdefinition-bindingName","valueString":"DeviceNameType"}],"strength":"required","description":"The type of name the device is referred by.","valueSet":"http://hl7.org/fhir/ValueSet/device-nametype|4.0.0"},"mapping":[{"identity":"w5","map":"FiveWs.what[x]"},{"identity":"rim","map":".playedRole[typeCode=MANU].code"}]},{"id":"Device.modelNumber","path":"Device.modelNumber","short":"Microarray platform","definition":"The model number for the device.","min":0,"max":"1","base":{"path":"Device.modelNumber","min":0,"max":"1"},"type":[{"code":"string"}],"mustSupport":true,"isModifier":false,"isSummary":false,"mapping":[{"identity":"w5","map":"FiveWs.what[x]"},{"identity":"rim","map":".softwareName (included as part)"}]},{"id":"Device.partNumber","path":"Device.partNumber","short":"The part number of the device","definition":"The part number of the device.","comment":"Alphanumeric Maximum 20.","min":0,"max":"1","base":{"path":"Device.partNumber","min":0,"max":"1"},"type":[{"code":"string"}],"isModifier":false,"isSummary":false,"mapping":[{"identity":"w5","map":"FiveWs.what[x]"},{"identity":"rim","map":".playedRole[typeCode=MANU].id"}]},{"id":"Device.type","path":"Device.type","short":"The kind or type of device","definition":"The kind or type of device.","min":0,"max":"1","base":{"path":"Device.type","min":0,"max":"1"},"type":[{"code":"CodeableConcept"}],"mustSupport":true,"isModifier":false,"isSummary":false,"binding":{"strength":"example","description":"Binding not yet defined"}},{"id":"Device.type.id","path":"Device.type.id","representation":["xmlAttr"],"short":"Unique id for inter-element referencing","definition":"Unique id for the element within a resource (for internal references). This may be any string value that does not contain spaces.","min":0,"max":"1","base":{"path":"Element.id","min":0,"max":"1"},"type":[{"code":"string"}],"isModifier":false,"isSummary":false,"mapping":[{"identity":"rim","map":"n/a"}]},{"id":"Device.type.extension","path":"Device.type.extension","slicing":{"discriminator":[{"type":"value","path":"url"}],"description":"Extensions are always sliced by (at least) url","rules":"open"},"short":"Additional content defined by implementations","definition":"May be used to represent additional information that is not part of the basic definition of the element. To make the use of extensions safe and manageable, there is a strict set of governance  applied to the definition and use of extensions. Though any implementer can define an extension, there is a set of requirements that SHALL be met as part of the definition of the extension.","comment":"There can be no stigma associated with the use of extensions by any application, project, or standard - regardless of the institution or jurisdiction that uses or defines the extensions.  The use of extensions is what allows the FHIR specification to retain a core level of simplicity for everyone.","alias":["extensions","user content"],"min":0,"max":"*","base":{"path":"Element.extension","min":0,"max":"*"},"type":[{"code":"Extension"}],"isModifier":false,"isSummary":false,"mapping":[{"identity":"rim","map":"n/a"}]},{"id":"Device.type.coding","path":"Device.type.coding","short":"Code defined by a terminology system","definition":"A reference to a code defined by a terminology system.","comment":"Codes may be defined very casually in enumerations, or code lists, up to very formal definitions such as SNOMED CT - see the HL7 v3 Core Principles for more information.  Ordering of codings is undefined and SHALL NOT be used to infer meaning. Generally, at most only one of the coding values will be labeled as UserSelected = true.","requirements":"Allows for alternative encodings within a code system, and translations to other code systems.","min":0,"max":"*","base":{"path":"CodeableConcept.coding","min":0,"max":"*"},"type":[{"code":"Coding"}],"isModifier":false,"isSummary":true,"mapping":[{"identity":"v2","map":"C*E.1-8, C*E.10-22"},{"identity":"rim","map":"union(., ./translation)"},{"identity":"orim","map":"fhir:CodeableConcept.coding rdfs:subPropertyOf dt:CD.coding"}]},{"id":"Device.type.text","extension":[{"url":"http://hl7.org/fhir/StructureDefinition/elementdefinition-translatable","valueBoolean":true}],"path":"Device.type.text","short":"Plain text representation of the concept","definition":"A human language representation of the concept as seen/selected/uttered by the user who entered the data and/or which represents the intended meaning of the user.","comment":"This should be populated with \"Microarray Platform\".","requirements":"The codes from the terminologies do not always capture the correct meaning with all the nuances of the human using them, or sometimes there is no appropriate code at all. In these cases, the text is used to capture the full meaning of the source.","min":1,"max":"1","base":{"path":"CodeableConcept.text","min":0,"max":"1"},"type":[{"code":"string"}],"mustSupport":false,"isModifier":false,"isSummary":true,"mapping":[{"identity":"v2","map":"C*E.9. But note many systems use C*E.2 for this"},{"identity":"rim","map":"./originalText[mediaType/code=\"text/plain\"]/data"},{"identity":"orim","map":"fhir:CodeableConcept.text rdfs:subPropertyOf dt:CD.originalText"}]},{"id":"Device.specialization","path":"Device.specialization","short":"The capabilities supported on a  device, the standards to which the device conforms for a particular purpose, and used for the communication","definition":"The capabilities supported on a  device, the standards to which the device conforms for a particular purpose, and used for the communication.","min":0,"max":"*","base":{"path":"Device.specialization","min":0,"max":"*"},"type":[{"code":"BackboneElement"}],"constraint":[{"key":"ele-1","severity":"error","human":"All FHIR elements must have a @value or children","expression":"hasValue() or (children().count() > id.count())","xpath":"@value|f:*|h:div","source":"Element"}],"isModifier":false,"isSummary":false},{"id":"Device.specialization.id","path":"Device.specialization.id","representation":["xmlAttr"],"short":"Unique id for inter-element referencing","definition":"Unique id for the element within a resource (for internal references). This may be any string value that does not contain spaces.","min":0,"max":"1","base":{"path":"Element.id","min":0,"max":"1"},"type":[{"code":"string"}],"isModifier":false,"isSummary":false,"mapping":[{"identity":"rim","map":"n/a"}]},{"id":"Device.specialization.extension","path":"Device.specialization.extension","short":"Additional content defined by implementations","definition":"May be used to represent additional information that is not part of the basic definition of the element. To make the use of extensions safe and manageable, there is a strict set of governance  applied to the definition and use of extensions. Though any implementer can define an extension, there is a set of requirements that SHALL be met as part of the definition of the extension.","comment":"There can be no stigma associated with the use of extensions by any application, project, or standard - regardless of the institution or jurisdiction that uses or defines the extensions.  The use of extensions is what allows the FHIR specification to retain a core level of simplicity for everyone.","alias":["extensions","user content"],"min":0,"max":"*","base":{"path":"Element.extension","min":0,"max":"*"},"type":[{"code":"Extension"}],"isModifier":false,"isSummary":false,"mapping":[{"identity":"rim","map":"n/a"}]},{"id":"Device.specialization.modifierExtension","path":"Device.specialization.modifierExtension","short":"Extensions that cannot be ignored even if unrecognized","definition":"May be used to represent additional information that is not part of the basic definition of the element and that modifies the understanding of the element in which it is contained and/or the understanding of the containing element's descendants. Usually modifier elements provide negation or qualification. To make the use of extensions safe and manageable, there is a strict set of governance applied to the definition and use of extensions. Though any implementer can define an extension, there is a set of requirements that SHALL be met as part of the definition of the extension. Applications processing a resource are required to check for modifier extensions.\n\nModifier extensions SHALL NOT change the meaning of any elements on Resource or DomainResource (including cannot change the meaning of modifierExtension itself).","comment":"There can be no stigma associated with the use of extensions by any application, project, or standard - regardless of the institution or jurisdiction that uses or defines the extensions.  The use of extensions is what allows the FHIR specification to retain a core level of simplicity for everyone.","requirements":"Modifier extensions allow for extensions that *cannot* be safely ignored to be clearly distinguished from the vast majority of extensions which can be safely ignored.  This promotes interoperability by eliminating the need for implementers to prohibit the presence of extensions. For further information, see the [definition of modifier extensions](extensibility.html#modifierExtension).","alias":["extensions","user content","modifiers"],"min":0,"max":"*","base":{"path":"BackboneElement.modifierExtension","min":0,"max":"*"},"type":[{"code":"Extension"}],"isModifier":true,"isModifierReason":"Modifier extensions are expected to modify the meaning or interpretation of the element that contains them","isSummary":true,"mapping":[{"identity":"rim","map":"N/A"}]},{"id":"Device.specialization.systemType","path":"Device.specialization.systemType","short":"The standard that is used to operate and communicate","definition":"The standard that is used to operate and communicate.","alias":["Σ"],"min":1,"max":"1","base":{"path":"Device.specialization.systemType","min":1,"max":"1"},"type":[{"code":"CodeableConcept"}],"isModifier":false,"isSummary":false},{"id":"Device.specialization.version","path":"Device.specialization.version","short":"The version of the standard that is used to operate and communicate","definition":"The version of the standard that is used to operate and communicate.","min":0,"max":"1","base":{"path":"Device.specialization.version","min":0,"max":"1"},"type":[{"code":"string"}],"isModifier":false,"isSummary":false,"mapping":[{"identity":"w5","map":"FiveWs.what[x]"}]},{"id":"Device.version","path":"Device.version","short":"The actual design of the device or software version running on the device","definition":"The actual design of the device or software version running on the device.","min":0,"max":"1","base":{"path":"Device.version","min":0,"max":"*"},"type":[{"code":"BackboneElement"}],"constraint":[{"key":"ele-1","severity":"error","human":"All FHIR elements must have a @value or children","expression":"hasValue() or (children().count() > id.count())","xpath":"@value|f:*|h:div","source":"Element"}],"mustSupport":true,"isModifier":false,"isSummary":false},{"id":"Device.version.id","path":"Device.version.id","representation":["xmlAttr"],"short":"Unique id for inter-element referencing","definition":"Unique id for the element within a resource (for internal references). This may be any string value that does not contain spaces.","min":0,"max":"1","base":{"path":"Element.id","min":0,"max":"1"},"type":[{"code":"string"}],"isModifier":false,"isSummary":false,"mapping":[{"identity":"rim","map":"n/a"}]},{"id":"Device.version.extension","path":"Device.version.extension","short":"Additional content defined by implementations","definition":"May be used to represent additional information that is not part of the basic definition of the element. To make the use of extensions safe and manageable, there is a strict set of governance  applied to the definition and use of extensions. Though any implementer can define an extension, there is a set of requirements that SHALL be met as part of the definition of the extension.","comment":"There can be no stigma associated with the use of extensions by any application, project, or standard - regardless of the institution or jurisdiction that uses or defines the extensions.  The use of extensions is what allows the FHIR specification to retain a core level of simplicity for everyone.","alias":["extensions","user content"],"min":0,"max":"*","base":{"path":"Element.extension","min":0,"max":"*"},"type":[{"code":"Extension"}],"isModifier":false,"isSummary":false,"mapping":[{"identity":"rim","map":"n/a"}]},{"id":"Device.version.modifierExtension","path":"Device.version.modifierExtension","short":"Extensions that cannot be ignored even if unrecognized","definition":"May be used to represent additional information that is not part of the basic definition of the element and that modifies the understanding of the element in which it is contained and/or the understanding of the containing element's descendants. Usually modifier elements provide negation or qualification. To make the use of extensions safe and manageable, there is a strict set of governance applied to the definition and use of extensions. Though any implementer can define an extension, there is a set of requirements that SHALL be met as part of the definition of the extension. Applications processing a resource are required to check for modifier extensions.\n\nModifier extensions SHALL NOT change the meaning of any elements on Resource or DomainResource (including cannot change the meaning of modifierExtension itself).","comment":"There can be no stigma associated with the use of extensions by any application, project, or standard - regardless of the institution or jurisdiction that uses or defines the extensions.  The use of extensions is what allows the FHIR specification to retain a core level of simplicity for everyone.","requirements":"Modifier extensions allow for extensions that *cannot* be safely ignored to be clearly distinguished from the vast majority of extensions which can be safely ignored.  This promotes interoperability by eliminating the need for implementers to prohibit the presence of extensions. For further information, see the [definition of modifier extensions](extensibility.html#modifierExtension).","alias":["extensions","user content","modifiers"],"min":0,"max":"*","base":{"path":"BackboneElement.modifierExtension","min":0,"max":"*"},"type":[{"code":"Extension"}],"isModifier":true,"isModifierReason":"Modifier extensions are expected to modify the meaning or interpretation of the element that contains them","isSummary":true,"mapping":[{"identity":"rim","map":"N/A"}]},{"id":"Device.version.type","path":"Device.version.type","short":"The type of the device version","definition":"The type of the device version.","alias":["Σ"],"min":0,"max":"1","base":{"path":"Device.version.type","min":0,"max":"1"},"type":[{"code":"CodeableConcept"}],"isModifier":false,"isSummary":false},{"id":"Device.version.component","path":"Device.version.component","short":"A single component of the device version","definition":"A single component of the device version.","min":0,"max":"1","base":{"path":"Device.version.component","min":0,"max":"1"},"type":[{"code":"Identifier"}],"isModifier":false,"isSummary":false,"mapping":[{"identity":"w5","map":"FiveWs.what[x]"}]},{"id":"Device.version.value","path":"Device.version.value","short":"Microarray platform version number","definition":"The version text.","min":1,"max":"1","base":{"path":"Device.version.value","min":1,"max":"1"},"type":[{"code":"string"}],"mustSupport":true,"isModifier":false,"isSummary":false},{"id":"Device.property","path":"Device.property","short":"The actual configuration settings of a device as it actually operates, e.g., regulation status, time properties","definition":"The actual configuration settings of a device as it actually operates, e.g., regulation status, time properties.","min":0,"max":"*","base":{"path":"Device.property","min":0,"max":"*"},"type":[{"code":"BackboneElement"}],"constraint":[{"key":"ele-1","severity":"error","human":"All FHIR elements must have a @value or children","expression":"hasValue() or (children().count() > id.count())","xpath":"@value|f:*|h:div","source":"Element"}],"isModifier":false,"isSummary":false},{"id":"Device.property.id","path":"Device.property.id","representation":["xmlAttr"],"short":"Unique id for inter-element referencing","definition":"Unique id for the element within a resource (for internal references). This may be any string value that does not contain spaces.","min":0,"max":"1","base":{"path":"Element.id","min":0,"max":"1"},"type":[{"code":"string"}],"isModifier":false,"isSummary":false,"mapping":[{"identity":"rim","map":"n/a"}]},{"id":"Device.property.extension","path":"Device.property.extension","short":"Additional content defined by implementations","definition":"May be used to represent additional information that is not part of the basic definition of the element. To make the use of extensions safe and manageable, there is a strict set of governance  applied to the definition and use of extensions. Though any implementer can define an extension, there is a set of requirements that SHALL be met as part of the definition of the extension.","comment":"There can be no stigma associated with the use of extensions by any application, project, or standard - regardless of the institution or jurisdiction that uses or defines the extensions.  The use of extensions is what allows the FHIR specification to retain a core level of simplicity for everyone.","alias":["extensions","user content"],"min":0,"max":"*","base":{"path":"Element.extension","min":0,"max":"*"},"type":[{"code":"Extension"}],"isModifier":false,"isSummary":false,"mapping":[{"identity":"rim","map":"n/a"}]},{"id":"Device.property.modifierExtension","path":"Device.property.modifierExtension","short":"Extensions that cannot be ignored even if unrecognized","definition":"May be used to represent additional information that is not part of the basic definition of the element and that modifies the understanding of the element in which it is contained and/or the understanding of the containing element's descendants. Usually modifier elements provide negation or qualification. To make the use of extensions safe and manageable, there is a strict set of governance applied to the definition and use of extensions. Though any implementer can define an extension, there is a set of requirements that SHALL be met as part of the definition of the extension. Applications processing a resource are required to check for modifier extensions.\n\nModifier extensions SHALL NOT change the meaning of any elements on Resource or DomainResource (including cannot change the meaning of modifierExtension itself).","comment":"There can be no stigma associated with the use of extensions by any application, project, or standard - regardless of the institution or jurisdiction that uses or defines the extensions.  The use of extensions is what allows the FHIR specification to retain a core level of simplicity for everyone.","requirements":"Modifier extensions allow for extensions that *cannot* be safely ignored to be clearly distinguished from the vast majority of extensions which can be safely ignored.  This promotes interoperability by eliminating the need for implementers to prohibit the presence of extensions. For further information, see the [definition of modifier extensions](extensibility.html#modifierExtension).","alias":["extensions","user content","modifiers"],"min":0,"max":"*","base":{"path":"BackboneElement.modifierExtension","min":0,"max":"*"},"type":[{"code":"Extension"}],"isModifier":true,"isModifierReason":"Modifier extensions are expected to modify the meaning or interpretation of the element that contains them","isSummary":true,"mapping":[{"identity":"rim","map":"N/A"}]},{"id":"Device.property.type","path":"Device.property.type","short":"Code that specifies the property DeviceDefinitionPropetyCode (Extensible)","definition":"Code that specifies the property DeviceDefinitionPropetyCode (Extensible).","min":1,"max":"1","base":{"path":"Device.property.type","min":1,"max":"1"},"type":[{"code":"CodeableConcept"}],"isModifier":false,"isSummary":false},{"id":"Device.property.valueQuantity","path":"Device.property.valueQuantity","short":"Property value as a quantity","definition":"Property value as a quantity.","min":0,"max":"*","base":{"path":"Device.property.valueQuantity","min":0,"max":"*"},"type":[{"code":"Quantity"}],"isModifier":false,"isSummary":false},{"id":"Device.property.valueCode","path":"Device.property.valueCode","short":"Property value as a code, e.g., NTP4 (synced to NTP)","definition":"Property value as a code, e.g., NTP4 (synced to NTP).","min":0,"max":"*","base":{"path":"Device.property.valueCode","min":0,"max":"*"},"type":[{"code":"CodeableConcept"}],"isModifier":false,"isSummary":false},{"id":"Device.patient","path":"Device.patient","short":"Patient to whom Device is affixed","definition":"Patient information, If the device is affixed to a person.","requirements":"If the device is implanted in a patient, then need to associate the device to the patient.","min":0,"max":"1","base":{"path":"Device.patient","min":0,"max":"1"},"type":[{"code":"Reference","targetProfile":["http://hl7.org/fhir/StructureDefinition/Patient"]}],"isModifier":false,"isSummary":false,"mapping":[{"identity":"w5","map":"FiveWs.subject[x]"},{"identity":"rim","map":".playedRole[typeCode=USED].scoper.playedRole[typeCode=PAT]"},{"identity":"w5","map":"FiveWs.subject"}]},{"id":"Device.owner","path":"Device.owner","short":"Organization responsible for device","definition":"An organization that is responsible for the provision and ongoing maintenance of the device.","min":0,"max":"1","base":{"path":"Device.owner","min":0,"max":"1"},"type":[{"code":"Reference","targetProfile":["http://hl7.org/fhir/StructureDefinition/Organization"]}],"isModifier":false,"isSummary":false,"mapping":[{"identity":"w5","map":"FiveWs.source"},{"identity":"rim","map":".playedRole[typeCode=OWN].scoper"}]},{"id":"Device.contact","path":"Device.contact","short":"Details for human/organization for support","definition":"Contact details for an organization or a particular human that is responsible for the device.","comment":"used for troubleshooting etc.","min":0,"max":"*","base":{"path":"Device.contact","min":0,"max":"*"},"type":[{"code":"ContactPoint"}],"isModifier":false,"isSummary":false,"mapping":[{"identity":"w5","map":"FiveWs.source"},{"identity":"rim","map":".scopedRole[typeCode=CON].player"}]},{"id":"Device.location","path":"Device.location","short":"Where the device is found","definition":"The place where the device can be found.","requirements":"Device.location can be used to track device location.","min":0,"max":"1","base":{"path":"Device.location","min":0,"max":"1"},"type":[{"code":"Reference","targetProfile":["http://hl7.org/fhir/StructureDefinition/Location"]}],"isModifier":false,"isSummary":false,"mapping":[{"identity":"w5","map":"FiveWs.where[x]"},{"identity":"rim","map":".playedRole[typeCode=LOCE].scoper"}]},{"id":"Device.url","path":"Device.url","short":"Network address to contact device","definition":"A network address on which the device may be contacted directly.","comment":"If the device is running a FHIR server, the network address should  be the Base URL from which a conformance statement may be retrieved.","min":0,"max":"1","base":{"path":"Device.url","min":0,"max":"1"},"type":[{"code":"uri"}],"isModifier":false,"isSummary":false,"mapping":[{"identity":"w5","map":"FiveWs.where[x]"},{"identity":"rim","map":".telecom"}]},{"id":"Device.note","path":"Device.note","short":"Device notes and comments","definition":"Descriptive information, usage information or implantation information that is not captured in an existing element.","min":0,"max":"*","base":{"path":"Device.note","min":0,"max":"*"},"type":[{"code":"Annotation"}],"isModifier":false,"isSummary":false,"mapping":[{"identity":"rim","map":".text"}]},{"id":"Device.safety","path":"Device.safety","short":"Safety Characteristics of Device","definition":"Provides additional safety characteristics about a medical device.  For example devices containing latex.","min":0,"max":"*","base":{"path":"Device.safety","min":0,"max":"*"},"type":[{"code":"CodeableConcept"}],"isModifier":false,"isSummary":true,"mapping":[{"identity":"rim","map":"NA"}]},{"id":"Device.parent","path":"Device.parent","short":"The parent device","definition":"The parent device.","min":0,"max":"1","base":{"path":"Device.parent","min":0,"max":"1"},"type":[{"code":"Reference","targetProfile":["http://hl7.org/fhir/StructureDefinition/Device"]}],"isModifier":false,"isSummary":false}]},"differential":{"element":[{"id":"Device","path":"Device","short":"DeviceMicroPlat","definition":"Information about a micro-array platform used as part of copy number change testing.","mustSupport":false,"isModifier":false},{"id":"Device.modelNumber","path":"Device.modelNumber","short":"Microarray platform","min":0,"max":"1","type":[{"code":"string"}],"mustSupport":true,"isModifier":false},{"id":"Device.type","path":"Device.type","min":0,"max":"1","mustSupport":true,"isModifier":false,"binding":{"strength":"example","description":"Binding not yet defined"}},{"id":"Device.type.text","path":"Device.type.text","comment":"This should be populated with \"Microarray Platform\".","min":1,"max":"1","type":[{"code":"string"}],"mustSupport":false,"isModifier":false},{"id":"Device.version","path":"Device.version","min":0,"max":"1","mustSupport":true,"isModifier":false},{"id":"Device.version.value","path":"Device.version.value","short":"Microarray platform version number","min":1,"max":"1","type":[{"code":"string"}],"mustSupport":true,"isModifier":false}]}}