{"resourceType":"ValueSet","id":"hgnc","meta":{"profile":["http://hl7.org/fhir/StructureDefinition/shareablevalueset"]},"text":{"status":"generated","div":"<div xmlns=\"http://www.w3.org/1999/xhtml\"><h2>HGNC</h2><div><p>This value set includes all HGNC Codes</p>\n</div><p>This value set includes codes from the following code systems:</p><ul><li>Include all codes defined in <a href=\"http://www.genenames.org\"><code>http://www.genenames.org</code></a></li></ul></div>"},"extension":[{"url":"http://hl7.org/fhir/StructureDefinition/structuredefinition-wg","valueCode":"cg"},{"url":"http://hl7.org/fhir/StructureDefinition/structuredefinition-standards-status","valueCode":"draft"}],"url":"http://hl7.org/fhir/uv/genomics-reporting/ValueSet/hgnc","version":"0.3","name":"HGNC","title":"HGNC","status":"draft","experimental":true,"date":"2018-10-01","publisher":"HL7 (Clinical Genomics)","contact":[{"telecom":[{"system":"url","value":"http://hl7.org/fhir"},{"system":"email","value":"fhir@lists.hl7.org"}]}],"description":"This value set includes all HGNC Codes","compose":{"include":[{"system":"http://www.genenames.org"}]}}