{"resourceType":"ValueSet","id":"genetic-coordinate-system","meta":{"profile":["http://hl7.org/fhir/StructureDefinition/shareablevalueset"]},"text":{"status":"generated","div":"<div xmlns=\"http://www.w3.org/1999/xhtml\"><h2>GeneticCoordinateSystem</h2><div><p>Base coordinate systems start and end measurements for variants</p>\n</div><p>This value set includes codes from the following code systems:</p><ul><li>Include all codes defined in <a href=\"genetic-coordinate-system.html\"><code>http://hl7.org/fhir/uv/genomics-reporting/CodeSystem/genetic-coordinate-system</code></a></li></ul></div>"},"url":"http://hl7.org/fhir/uv/genomics-reporting/ValueSet/genetic-coordinate-system","version":"0.3","name":"GeneticCoordinateSystem","status":"draft","date":"2019-02-21T11:08:00+01:00","contact":[{"telecom":[{"system":"url"},{"system":"email"}]}],"description":"Base coordinate systems start and end measurements for variants","immutable":true,"compose":{"include":[{"system":"http://hl7.org/fhir/uv/genomics-reporting/CodeSystem/genetic-coordinate-system"}]}}