{
  "resourceType": "CodeSystem",
  "id": "genetic-coordinate-system",
  "text": {
    "status": "generated",
    "div": "<div xmlns=\"http://www.w3.org/1999/xhtml\"><h2>GeneticCoordinateSystem</h2><div><p>Base coordinate systems start and end measurements for variants</p>\n</div><p>This code system http://hl7.org/fhir/uv/genomics-reporting/CodeSystem/genetic-coordinate-system defines the following codes:</p><table class=\"codes\"><tr><td style=\"white-space:nowrap\"><b>Code</b></td><td><b>Display</b></td><td><b>Definition</b></td></tr><tr><td style=\"white-space:nowrap\">Interval<a name=\"genetic-coordinate-system-Interval\"> </a></td><td>Interval</td><td>0-based numbering or interbase coordinate system, inclusive start, exclusive end</td></tr><tr><td style=\"white-space:nowrap\">Variant method<a name=\"genetic-coordinate-system-Variantmethod\"> </a></td><td>Variant method</td><td>1 for 1-based numbering or base coordinate system, inclusive start, inclusive end</td></tr><tr><td style=\"white-space:nowrap\">Alignment method<a name=\"genetic-coordinate-system-Alignmentmethod\"> </a></td><td>Alignment method</td><td>1-based [inclusive start, inclusive end] - with Variant Method (HGVS-like)</td></tr></table></div>"
  },
  "url": "http://hl7.org/fhir/uv/genomics-reporting/CodeSystem/genetic-coordinate-system",
  "version": "0.3",
  "name": "GeneticCoordinateSystem",
  "status": "draft",
  "date": "2019-02-21T11:08:00+01:00",
  "contact": [
    {
      "telecom": [
        {
          "system": "url"
        },
        {
          "system": "email"
        }
      ]
    }
  ],
  "description": "Base coordinate systems start and end measurements for variants",
  "caseSensitive": true,
  "valueSet": "http://hl7.org/fhir/uv/genomics-reporting/ValueSet/genetic-coordinate-system",
  "content": "complete",
  "concept": [
    {
      "code": "Interval",
      "display": "Interval",
      "definition": "0-based numbering or interbase coordinate system, inclusive start, exclusive end"
    },
    {
      "code": "Variant method",
      "display": "Variant method",
      "definition": "1 for 1-based numbering or base coordinate system, inclusive start, inclusive end"
    },
    {
      "code": "Alignment method",
      "display": "Alignment method",
      "definition": "1-based [inclusive start, inclusive end] - with Variant Method (HGVS-like)"
    }
  ]
}