{
  "resourceType": "DiagnosticReport",
  "id": "diagnosticreport-hla-glstring-r4",
  "meta": {
    "profile": [
      "http://hl7.org/fhir/uv/genomics-reporting/StructureDefinition/diagnosticreport"
    ]
  },
  "text": {
    "status": "generated",
    "div": "<div xmlns=\"http://www.w3.org/1999/xhtml\">\n            <pre>\nHLA-A,-B,-C genotyping report for sample-id=123456789\n\nLOCUS   ALLELE ASSIGNMENT\nHLA-A   HLA-A*03:01:01:01\n        HLA-A*30:01:01\n\nHLA-B   HLA-B*15:01:01:01\n        HLA-B*40:01:02:01/HLA-B*40:01:02:02/HLA-B*40:01:02:04/HLA-B*40:01:02:06\n\nHLA-C   HLA-C*07:04:01:01/HLA-C*07:04:01:03\n        HLA-C*12:03:01:01/HLA-C*12:03:01:06\n\nAllele assignments based on IMGT/HLA 3.31.0\nEffective date: 2018-07-26\n\nLab: aTypingLab Inc\n           </pre>\n        </div>"
  },
  "status": "final",
  "category": [
    {
      "coding": [
        {
          "system": "http://terminology.hl7.org/CodeSystem/v2-0074",
          "code": "GE",
          "display": "Genetics"
        }
      ]
    }
  ],
  "code": {
    "coding": [
      {
        "system": "http://loinc.org",
        "code": "81247-9",
        "display": "Master HL7 genetic variant reporting panel"
      },
      {
        "system": "http://loinc.org",
        "code": "53767-0",
        "display": "HLA-A+B+C SBT [Interpretation] by High resolution"
      }
    ]
  },
  "effectiveDateTime": "2018-07-26"
}