{
  "resourceType": "Observation",
  "id": "obs-genotype-hla-a-glstring-r4",
  "meta": {
    "profile": [
      "http://hl7.org/fhir/uv/genomics-reporting/StructureDefinition/obs-genotype"
    ]
  },
  "text": {
    "status": "generated",
    "div": "<div xmlns=\"http://www.w3.org/1999/xhtml\">\n            <pre>\nHLA-A genotyping for sample 123456789\nHLA-A*03:01:01:01+HLA-A*30:01:01</pre>\n        </div>"
  },
  "status": "final",
  "category": [
    {
      "coding": [
        {
          "system": "http://terminology.hl7.org/CodeSystem/observation-category",
          "code": "laboratory"
        }
      ]
    }
  ],
  "code": {
    "coding": [
      {
        "system": "http://loinc.org",
        "code": "84413-4",
        "display": "Genotype display name"
      },
      {
        "system": "http://loinc.org",
        "code": "57290-9",
        "display": "HLA-A [Type] by High resolution"
      }
    ]
  },
  "effectiveDateTime": "2018-07-26",
  "valueCodeableConcept": {
    "coding": [
      {
        "system": "https://glstring.org",
        "version": "1.0",
        "code": "hla#3.31.0#HLA-A*03:01:01:01+HLA-A*30:01:01"
      }
    ]
  },
  "method": {
    "text": "PACBIO Sequel"
  },
  "component": [
    {
      "code": {
        "coding": [
          {
            "system": "http://loinc.org",
            "code": "48018-6",
            "display": "Gene studied [ID]"
          }
        ]
      },
      "valueCodeableConcept": {
        "coding": [
          {
            "system": "https://www.genenames.org",
            "code": "HGNC:4931",
            "display": "HLA-A"
          }
        ]
      }
    }
  ]
}