{
  "resourceType": "Specimen",
  "id": "specimen-hla-r4",
  "meta": {
    "profile": [
      "http://hl7.org/fhir/uv/genomics-reporting/StructureDefinition/specimen"
    ]
  },
  "text": {
    "status": "generated",
    "div": "<div xmlns=\"http://www.w3.org/1999/xhtml\">\n            <pre>buccal swab: 001-123456789 </pre>\n        </div>"
  },
  "identifier": [
    {
      "system": "http://specimensrus.com",
      "value": "001^123456789"
    }
  ],
  "type": {
    "coding": [
      {
        "system": "http://snomed.info/sct",
        "code": "258564008",
        "display": "Buccal smear sample"
      }
    ]
  },
  "subject": {
    "display": "001^123456789"
  },
  "receivedTime": "2018-05-01",
  "collection": {
    "method": {
      "coding": [
        {
          "system": "http://snomed.info/sct",
          "code": "418622002",
          "display": "Taking oral swab (procedure)"
        }
      ]
    },
    "bodySite": {
      "coding": [
        {
          "system": "http://snomed.info/sct",
          "code": "261063000",
          "display": "Buccal space"
        }
      ]
    }
  }
}